FID,region_nom_bdd,prefecture_nom_bdd,commune_nom_bdd,canton_nom_bdd,nom_localite,etab_nom,etab_adresse,etab_jour,etab_creation_date,terrain,activite_statut,etablissement_categorie,toilette_type,terrain_sport,geometry,latitude,longitude,annee_creation,region,type,statut,nom
_mview_formationtech_etablissements_formation_technique.fid--68fedc3e_19facce1572_-5eaf,Plateaux,Kloto,Kloto 3,Kouma,DUNYO,Centre Rurale d'Activité Sociaux Éducatif,Neant,"{Jeudi,Mardi,Mercredi,Vendredi,lundi}",1976,,,,,,POINT (0.5934314761286296 6.981183485251623),0.5934314761286296,6.981183485251623,1976.0,Plateaux,Formation Professionnelle,Inconnu,Centre Rurale d'Activité Sociaux Éducatif
_mview_formationtech_etablissements_formation_technique.fid--68fedc3e_19facce1572_-5eae,Plateaux,Ogou,Ogou 1,Gnagna,Lomnava,Complexe Technique Excellence (CTE),"Complexe Technique Excellence, Gnagna","{Vendredi,jeudi,Mercredi,Mardi,Lundi}",Nsp,Prive - individuel,{Construit et Utilise},Formation Professionnelle autre,Nsp,Non,POINT (1.1280671568539027 7.520031982585708),1.1280671568539027,7.520031982585708,,Plateaux,Formation Professionnelle autre,Prive - individuel,Complexe Technique Excellence (CTE)
_mview_formationtech_etablissements_formation_technique.fid--68fedc3e_19facce1572_-5ead,Savanes,Tône,Tône 1,Dapaong,N/a,Centre des Métiers de Dapaong Bonita Haus,Nsp,Nsp,Nsp,Nsp,Nsp,Nsp,N/a,Non,POINT (0.201008 10.87326),0.201008,10.87326,,Savanes,Nsp,Nsp,Centre des Métiers de Dapaong Bonita Haus
_mview_formationtech_etablissements_formation_technique.fid--68fedc3e_19facce1572_-5eac,Plateaux,Amou,Amou 2,Sodo,Sodo,Centre de Formation Technique et Professionnelle de Sodo,BP 06 Kpele Ele,"{Lundi,Mardi,Mercredi,jeudi,Vendredi}",2005,Domaine public de l'etat ou des collectivites territoriales,{Construit et Utilise},Nsp,Nsp,Non,POINT (0.8235615191080674 7.310607262237098),0.8235615191080674,7.310607262237098,2005.0,Plateaux,Nsp,Domaine public de l'etat ou des collectivites territoriales,Centre de Formation Technique et Professionnelle de Sodo
_mview_formationtech_etablissements_formation_technique.fid--68fedc3e_19facce1572_-5eab,Maritime,Golfe,Golfe 5,Aflao-Gakli,Agbalepedogan,Centre d'Enseignement Technique et Information les Talents,05 BP860 - Lomé,"{Lundi,Mardi,Mercredi,jeudi,Vendredi}",2000,Prive - individuel,{Construit et Utilise},Formation Professionnelle autre,Nsp,Non,POINT (1.20187477985314 6.195758085687791),1.20187477985314,6.195758085687791,2000.0,Maritime,Formation Professionnelle autre,Prive - individuel,Centre d'Enseignement Technique et Information les Talents
_mview_formationtech_etablissements_formation_technique.fid--68fedc3e_19facce1572_-5eaa,Maritime,Golfe,Golfe 1,Bè-Est,Adakpame,Ecole de Coupe de Couture et de Perfectionnement Style Tahiti,"Ecole de Coupe de Couture et de Perfectionnement Style Tahiti,","{Lundi,Mardi,Mercredi,jeudi,Vendredi}",Nsp,Prive - individuel,{Construit et Utilise},Formation Professionnelle autre,Nsp,Nsp,POINT (1.2827233333333325 6.169571666666668),1.2827233333333325,6.169571666666668,,Maritime,Formation Professionnelle autre,Prive - individuel,Ecole de Coupe de Couture et de Perfectionnement Style Tahiti
_mview_formationtech_etablissements_formation_technique.fid--68fedc3e_19facce1572_-5ea9,Maritime,Golfe,Golfe 3,Bè-Ouest,N/a,Centre d'Entrainement des Jeunes à l'initiative Privée (CEJIP),Nsp,Nsp,Nsp,Nsp,Nsp,Nsp,N/a,Non,POINT (1.228436121591839 6.157707218570282),1.228436121591839,6.157707218570282,,Maritime,Nsp,Nsp,Centre d'Entrainement des Jeunes à l'initiative Privée (CEJIP)
_mview_formationtech_etablissements_formation_technique.fid--68fedc3e_19facce1572_-5ea8,Maritime,Agoè-Nyivé,Agoè-Nyivé 1,Agoè-Nyivé,Léo 200,Ecole de Coupe de Couture et de Perfectionnement Style Tahiti,"Immeuble en face du lycée le Jourdain pas loin de Limousine, 90183990","{Lundi,Mardi,Mercredi,jeudi,Vendredi}",2008,Prive - individuel,{Construit et Utilise},Formation profesionnelle autre,N/a,Non,POINT (1.182498494593492 6.205760088438976),1.182498494593492,6.205760088438976,2008.0,Maritime,Formation profesionnelle autre,Prive - individuel,Ecole de Coupe de Couture et de Perfectionnement Style Tahiti
_mview_formationtech_etablissements_formation_technique.fid--68fedc3e_19facce1572_-5ea7,Maritime,Agoè-Nyivé,Agoè-Nyivé 1,Agoè-Nyivé,N/a,Centre d'Information et d'Orientation Professionnelle d'Agoe (CIFOP-Itas),"Cifop Itas, Agoe Nyve","{Lundi,Mardi,Mercredi,jeudi,Vendredi}",2008,Nsp,Nsp,Nsp,Nsp,Nsp,POINT (1.2039446080806466 6.232256442763505),1.2039446080806466,6.232256442763505,2008.0,Maritime,Nsp,Nsp,Centre d'Information et d'Orientation Professionnelle d'Agoe (CIFOP-Itas)
_mview_formationtech_etablissements_formation_technique.fid--68fedc3e_19facce1572_-5ea6,Centrale,Tchaoudjo,Tchaoudjo 1,Sokodè (Komah),N/a,Institut Polytechnique la Source de Savoir,Nsp,Nsp,Nsp,Nsp,Nsp,Nsp,N/a,Non,POINT (1.1375360232989327 8.98354469212119),1.1375360232989327,8.98354469212119,,Centrale,Nsp,Nsp,Institut Polytechnique la Source de Savoir
_mview_formationtech_etablissements_formation_technique.fid--68fedc3e_19facce1572_-5ea5,Maritime,Golfe,Golfe 3,Bè-Ouest,TOKOIN TAME,Centre de Formation aux Métiers de l'Industrie (CFMI),Nsp,"{Lundi,Mercredi,Mardi,jeudi,Vendredi}",2015,Domaine prive de l'Etat ou des collectivites territoriales,{Construit et Utilise},Licence,N/a,Non,POINT (1.22334688291354 6.167924848213879),1.22334688291354,6.167924848213879,2015.0,Maritime,Licence,Domaine prive de l'Etat ou des collectivites territoriales,Centre de Formation aux Métiers de l'Industrie (CFMI)
_mview_formationtech_etablissements_formation_technique.fid--68fedc3e_19facce1572_-5ea4,Maritime,Golfe,Golfe 3,Bè-Ouest,N/a,Centre de Formation Bancaire du Togo (CFBT),Nsp,Nsp,Nsp,Nsp,Nsp,Nsp,N/a,Non,POINT (1.22352 6.167708),1.22352,6.167708,,Maritime,Nsp,Nsp,Centre de Formation Bancaire du Togo (CFBT)
_mview_formationtech_etablissements_formation_technique.fid--68fedc3e_19facce1572_-5ea3,Maritime,Agoè-Nyivé,Agoè-Nyivé 1,Agoè-Nyivé,Adidoadin,Centre de Formation Professionnelle Dtech Group,"Cfp Dtech Group, Agoe Nyive",Nsp,Nsp,Nsp,{Construit et Utilise},CAP,Nsp,Nsp,POINT (1.1867997800610846 6.20958396259766),1.1867997800610846,6.20958396259766,,Maritime,CAP,Nsp,Centre de Formation Professionnelle Dtech Group
_mview_formationtech_etablissements_formation_technique.fid--68fedc3e_19facce1572_-5ea2,Maritime,Golfe,Golfe 3,Bè-Ouest,Universite De Lome,Campus Sud Enfs Universite de Lomé,"Campus Sud, Bé","{Lundi,Mardi,Mercredi,jeudi,Vendredi}",1966,Domaine public de l'etat ou des collectivites territoriales,{Construit et Utilise},Formation Professionnelle autre,Nsp,Non,POINT (1.2130116537404618 6.171082786885522),1.2130116537404618,6.171082786885522,1966.0,Maritime,Formation Professionnelle autre,Domaine public de l'etat ou des collectivites territoriales,Campus Sud Enfs Universite de Lomé
_mview_formationtech_etablissements_formation_technique.fid--68fedc3e_19facce1572_-5ea1,Plateaux,Haho,Haho 1,Notsé,N/a,Centre de Formation Professionnelle et Prestation de de Services (CFPPS) KING's TECH,Nsp,Nsp,Nsp,Nsp,Nsp,Nsp,N/a,Non,POINT (1.1621666666666668 6.946574999999987),1.1621666666666668,6.946574999999987,,Plateaux,Nsp,Nsp,Centre de Formation Professionnelle et Prestation de de Services (CFPPS) KING's TECH
_mview_formationtech_etablissements_formation_technique.fid--68fedc3e_19facce1572_-5ea0,Maritime,Golfe,Golfe 3,Bè-Ouest,Tokoin,Institut Bebella,14 BP 13,"{Lundi,Mardi,Mercredi,jeudi,Vendredi}",Nsp,Prive - individuel,{Construit et Utilise},CAP,{WCs},Non,POINT (1.2242156216295899 6.15317918143724),1.2242156216295899,6.15317918143724,,Maritime,CAP,Prive - individuel,Institut Bebella
_mview_formationtech_etablissements_formation_technique.fid--68fedc3e_19facce1572_-5e9f,Plateaux,Haho,Haho 1,Notsé,Dossa,Centre de Formation Technique et Professionnelle de Notse,"Cftp Notse, Notse","{Vendredi,jeudi,Mercredi,Mardi,Lundi}",2015,Domaine prive de l'etat ou des collectivites territoriales,"{Construit et Utilise,En construction}",CAP,{WCs},Non,POINT (1.1701289223571587 6.947851003713211),1.1701289223571587,6.947851003713211,2015.0,Plateaux,CAP,Domaine prive de l'etat ou des collectivites territoriales,Centre de Formation Technique et Professionnelle de Notse
_mview_formationtech_etablissements_formation_technique.fid--68fedc3e_19facce1572_-5e9e,Plateaux,Kloto,Kloto 1,Agome-Kpalime,Kligue Kondji,Centre Agerto,BP 633 Kpalimé,"{Lundi,Mardi,Mercredi,jeudi,Vendredi}",1999,Domaine prive de l'etat ou des collectivites territoriales,{Construit et Utilise},Formation Professionnelle autre,"{WCs,Latrines a eau,Douches}",Non,POINT (0.6234935076747045 6.904184811591529),0.6234935076747045,6.904184811591529,1999.0,Plateaux,Formation Professionnelle autre,Domaine prive de l'etat ou des collectivites territoriales,Centre Agerto
_mview_formationtech_etablissements_formation_technique.fid--68fedc3e_19facce1572_-5e9d,Maritime,Agoè-Nyivé,Agoè-Nyivé 2,Légbassito,Legbassokpe,Centre Catholique de Formation Technique et Professionnelle Madre Agatha Carelli,"Ccftp Madre Agata Carelli Lycee, Agoe 2","{Lundi,Mardi,Mercredi,jeudi,Vendredi}",Nsp,Prive - individuel,{Construit et Utilise},Formation Professionnelle autre,{WCs},Oui,POINT (1.164600139208641 6.2596303653102785),1.164600139208641,6.2596303653102785,,Maritime,Formation Professionnelle autre,Prive - individuel,Centre Catholique de Formation Technique et Professionnelle Madre Agatha Carelli
_mview_formationtech_etablissements_formation_technique.fid--68fedc3e_19facce1572_-5e9c,Maritime,Agoè-Nyivé,Agoè-Nyivé 1,Agoè-Nyivé,Gbonve,Centre de Formation Professionnelle le Record,"Carrefour Total Minamadou, Agoe Assiyeye, Lomé","{Lundi,Mardi,Mercredi,jeudi,Vendredi,Samedi}",2021,Prive - individuel,{Construit et Utilise},Formation Professionnelle autre,{WCs},Non,POINT (1.1932216666666675 6.224711666666667),1.1932216666666675,6.224711666666667,2021.0,Maritime,Formation Professionnelle autre,Prive - individuel,Centre de Formation Professionnelle le Record
_mview_formationtech_etablissements_formation_technique.fid--68fedc3e_19facce1572_-5e9b,Maritime,Golfe,Golfe 1,Bè-Est,Ablogame,Centre de Formation Professionnelle Marie Dominique Mazzarello,06 BP 61184,"{Lundi,Mardi,Mercredi,jeudi,Vendredi}",Nsp,Nsp,Nsp,Nsp,Nsp,Nsp,POINT (1.2617577186637805 6.137721296984019),1.2617577186637805,6.137721296984019,,Maritime,Nsp,Nsp,Centre de Formation Professionnelle Marie Dominique Mazzarello
_mview_formationtech_etablissements_formation_technique.fid--68fedc3e_19facce1572_-5e9a,Savanes,Kpendjal,Kpendjal 2,Borgou,Yanyane,Centre de Formation Technique et Professionnelle de Borgou,"Centre de Formation Technique et Professionnelle de Borgou, Borgou","{Lundi,Mardi,Mercredi,jeudi,Vendredi,Samedi}",2020,Domaine public de l'etat ou des collectivites territoriales,{Construit et Utilise},Formation Professionnelle autre,{Douches},Non,POINT (0.5904129325324127 10.79833535717918),0.5904129325324127,10.79833535717918,2020.0,Savanes,Formation Professionnelle autre,Domaine public de l'etat ou des collectivites territoriales,Centre de Formation Technique et Professionnelle de Borgou
_mview_formationtech_etablissements_formation_technique.fid--68fedc3e_19facce1572_-5e99,Savanes,Cinkassé,Cinkassé 1,Cinkassé,Kpalbiak,Centre de Formation Technique et Professionnelle de Cinkanse,"Centre de Formation Technique et Professionnelle, Cinkansse","{Lundi,Mardi,Mercredi,jeudi,Vendredi}",2014,Domaine public de l'etat ou des collectivites territoriales,{Construit et Utilise},CAP,Nsp,Non,POINT (0.0375028338546724 11.091900622500976),0.0375028338546724,11.091900622500976,2014.0,Savanes,CAP,Domaine public de l'etat ou des collectivites territoriales,Centre de Formation Technique et Professionnelle de Cinkanse
_mview_formationtech_etablissements_formation_technique.fid--68fedc3e_19facce1572_-5e98,Kara,Binah,Binah 1,Pagouda,Kpeloude,Centre de Formation Technique et Professionnelle de Pagouda,"Cftp de Pagouda, Pagouda","{Lundi,Mardi,Mercredi,jeudi,Vendredi}",2012,Prive - entreprise,{Construit et Utilise},Formation Professionnelle autre,{Latrines seches},Oui,POINT (1.3262211023086659 9.762202540668456),1.3262211023086659,9.762202540668456,2012.0,Kara,Formation Professionnelle autre,Prive - entreprise,Centre de Formation Technique et Professionnelle de Pagouda
_mview_formationtech_etablissements_formation_technique.fid--68fedc3e_19facce1572_-5e97,Plateaux,Kloto,Kloto 1,Agome-Kpalime,Kpalime,Centre de Formation Technique et Professionnelle La Grace,BP 142,"{Lundi,Mardi,Mercredi,jeudi,Vendredi}",2018,Prive - individuel,{Construit et Utilise},CAP,{Douches},Non,POINT (0.6305554654943881 6.916893733146727),0.6305554654943881,6.916893733146727,2018.0,Plateaux,CAP,Prive - individuel,Centre de Formation Technique et Professionnelle La Grace
_mview_formationtech_etablissements_formation_technique.fid--68fedc3e_19facce1572_-5e96,Maritime,Golfe,Golfe 3,Bè-Ouest,Tokoin Habitat,Centre Informatique de Formation et d'Orientation Professionnelles (CIFOP),BP.80585,"{Lundi,Mardi,Mercredi,jeudi,Vendredi}",1992,Prive - entreprise,{Construit et Utilise},Formation Professionnelle autre,"{WCs,Latrines a eau}",Non,POINT (1.2050181960996555 6.147985024905347),1.2050181960996555,6.147985024905347,1992.0,Maritime,Formation Professionnelle autre,Prive - entreprise,Centre Informatique de Formation et d'Orientation Professionnelles (CIFOP)
_mview_formationtech_etablissements_formation_technique.fid--68fedc3e_19facce1572_-5e95,Plateaux,Kloto,Kloto 1,Agome-Kpalime,Kpalime,Centre Regional d'Enseignement Technique et de Fomation Professionnelle de Kpalime,BP 94,"{Vendredi,jeudi,Mercredi,Mardi,Lundi}",2001,Domaine public de l'etat ou des collectivites territoriales,{Construit et Utilise},Formation Professionnelle autre,"{WCs,Douches}",Oui,POINT (0.6262869612012368 6.920403509630391),0.6262869612012368,6.920403509630391,2001.0,Plateaux,Formation Professionnelle autre,Domaine public de l'etat ou des collectivites territoriales,Centre Regional d'Enseignement Technique et de Fomation Professionnelle de Kpalime
_mview_formationtech_etablissements_formation_technique.fid--68fedc3e_19facce1572_-5e94,Maritime,Agoè-Nyivé,Agoè-Nyivé 1,Agoè-Nyivé,Agbokope,Complexe Scolaire la Parole,"Formation Technique la Parole, Legbassito","{Lundi,Mardi,Mercredi,jeudi,Vendredi}",Nsp,Prive - individuel,{Construit et Utilise},CAP,Nsp,Non,POINT (1.163670096267708 6.245989827867737),1.163670096267708,6.245989827867737,,Maritime,CAP,Prive - individuel,Complexe Scolaire la Parole
_mview_formationtech_etablissements_formation_technique.fid--68fedc3e_19facce1572_-5e93,Maritime,Golfe,Golfe 1,Bè-Est,Kagnikope,Centre Regional d'Enseignement Technique et de Fomation Professionnelle Région Maritime,"Cretfp Rm, Be Kpota","{Lundi,Mardi,Mercredi,jeudi,Vendredi}",Nsp,Domaine public de l'etat ou des collectivites territoriales,{Construit et Utilise},Formation Professionnelle autre,Nsp,Oui,POINT (1.2955030742652534 6.157796121461548),1.2955030742652534,6.157796121461548,,Maritime,Formation Professionnelle autre,Domaine public de l'etat ou des collectivites territoriales,Centre Regional d'Enseignement Technique et de Fomation Professionnelle Région Maritime
_mview_formationtech_etablissements_formation_technique.fid--68fedc3e_19facce1572_-5e92,Maritime,Yoto,Yoto 1,Kouvé,N/a,College Chris Roi de Kouvé,Nsp,Nsp,Nsp,Nsp,Nsp,Nsp,N/a,Non,POINT (1.414991 6.659665),1.414991,6.659665,,Maritime,Nsp,Nsp,College Chris Roi de Kouvé
_mview_formationtech_etablissements_formation_technique.fid--68fedc3e_19facce1572_-5e91,Maritime,Golfe,Golfe 1,Bè-Est,N/a,Collège d'Enseignement Technique La Lumière,"Cet La Lumiere, Be","{Lundi,Mardi,Mercredi,jeudi,Vendredi}",2015,Prive - individuel,{Construit et Utilise},Formation Professionnelle autre,Nsp,Non,POINT (1.236692409185531 6.132934187601652),1.236692409185531,6.132934187601652,2015.0,Maritime,Formation Professionnelle autre,Prive - individuel,Collège d'Enseignement Technique La Lumière
_mview_formationtech_etablissements_formation_technique.fid--68fedc3e_19facce1572_-5e90,Maritime,Golfe,Golfe 3,Bè-Ouest,Tokoin Tame,College Technique la Revelation,"College Technique la Revelation, Be","{Lundi,Mardi,Mercredi,jeudi,Vendredi}",2002,Prive - individuel,{Construit et Utilise},CAP,{WCs},Oui,POINT (1.2282113680482571 6.162390547563502),1.2282113680482571,6.162390547563502,2002.0,Maritime,CAP,Prive - individuel,College Technique la Revelation
_mview_formationtech_etablissements_formation_technique.fid--68fedc3e_19facce1572_-5e8f,Maritime,Golfe,Golfe 1,Bè-Est,Be,Complexe Polytechnique Ora et Labora,04 BP 6195,"{Lundi,Mardi,Mercredi,jeudi,Vendredi}",1970,Prive - individuel,{Construit et Utilise},Formation Professionnelle autre,{WCs},Non,POINT (1.2391460627816566 6.140234488572422),1.2391460627816566,6.140234488572422,1970.0,Maritime,Formation Professionnelle autre,Prive - individuel,Complexe Polytechnique Ora et Labora
_mview_formationtech_etablissements_formation_technique.fid--68fedc3e_19facce1572_-5e8e,Maritime,Agoè-Nyivé,Agoè-Nyivé 1,Agoè-Nyivé,Agoe Logope,Complexe Scolaire Privé La Fabienne,"Institut Technique la Fabienne 1, Agoe Nyive 1","{Lundi,Mardi,Mercredi,jeudi,Vendredi}",2003,Prive - individuel,{Construit et Utilise},Formation Professionnelle autre,{WCs},Non,POINT (1.1810909537066794 6.2252055564781426),1.1810909537066794,6.2252055564781426,2003.0,Maritime,Formation Professionnelle autre,Prive - individuel,Complexe Scolaire Privé La Fabienne
_mview_formationtech_etablissements_formation_technique.fid--68fedc3e_19facce1572_-5e8d,Centrale,Tchaoudjo,Tchaoudjo 1,Sokodè (Komah),Tchawanda,Ecole des Micro Entrepreneur du Centre,BP 159,"{Lundi,Mardi,Mercredi,jeudi,Vendredi,Samedi}",2004,Prive - individuel,{Construit et Utilise},Formation Professionnelle autre,{WCs},Non,POINT (1.1335013018727313 8.983420496556782),1.1335013018727313,8.983420496556782,2004.0,Centrale,Formation Professionnelle autre,Prive - individuel,Ecole des Micro Entrepreneur du Centre
_mview_formationtech_etablissements_formation_technique.fid--68fedc3e_19facce1572_-5e8c,Maritime,Agoè-Nyivé,Agoè-Nyivé 6,Adétikopé,Adida,"Ecole Polytechnique d'Informatique, d'Électronique et de Gestion d'Adetikope","Ecole Polytechnique D'In Formatique d'Électronique et de Gestion, Adetikope","{""jeudi"",""Lundi"",""Mardi"",""Mercredi"",""Vendredi""}",Nsp,Prive - individuel,{autre},Nsp,Nsp,Non,POINT (1.2242933333333332 6.331918333333334),1.2242933333333332,6.331918333333334,,Maritime,Nsp,Prive - individuel,"Ecole Polytechnique d'Informatique, d'Électronique et de Gestion d'Adetikope"
_mview_formationtech_etablissements_formation_technique.fid--68fedc3e_19facce1572_-5e8b,Maritime,Golfe,Golfe 1,Bè-Est,Anfame,"Ecole Polytechnique d'Informatique, d'Electronique et de Gestion d'Afname",BP 10210 Lomé Aviation,"{Lundi,Mardi,Mercredi,jeudi,Vendredi}",1998,Nsp,{Construit et Utilise},Formation Professionnelle autre,"{Douches,WCs}",Non,POINT (1.2743146965798373 6.165275461510318),1.2743146965798373,6.165275461510318,1998.0,Maritime,Formation Professionnelle autre,Nsp,"Ecole Polytechnique d'Informatique, d'Electronique et de Gestion d'Afname"
_mview_formationtech_etablissements_formation_technique.fid--68fedc3e_19facce1572_-5e8a,Maritime,Agoè-Nyivé,Agoè-Nyivé 6,Adétikopé,Adeticope,Ecole Technique de Formation Professionnelle La Volonte,"Lycee Technique La Volonte, Adetikope","{""jeudi"",""Lundi"",""Mardi"",""Mercredi"",""Vendredi""}",Nsp,Ne sait pas,{Ferme},Nsp,Nsp,Nsp,POINT (1.2285488109494496 6.3269284484874735),1.2285488109494496,6.3269284484874735,,Maritime,Nsp,Ne sait pas,Ecole Technique de Formation Professionnelle La Volonte
_mview_formationtech_etablissements_formation_technique.fid--68fedc3e_19facce1572_-5e89,Maritime,Golfe,Golfe 1,Bè-Est,Adakpame Danwipé,Groupe Scolaire Les Cours Millenaires de l'Afrique de L'Ouest (GS-CMAO),"Groupe Scolaire les Cours_Millenaires de L'Ouest, Be","{""jeudi"",""Lundi"",""Mardi"",""Mercredi"",""Vendredi""}",2019,Prive - individuel,{Ferme},N/a,Nsp,Non,POINT (1.2861360685147563 6.169487217344224),1.2861360685147563,6.169487217344224,2019.0,Maritime,N/a,Prive - individuel,Groupe Scolaire Les Cours Millenaires de l'Afrique de L'Ouest (GS-CMAO)
_mview_formationtech_etablissements_formation_technique.fid--68fedc3e_19facce1572_-5e88,Maritime,Golfe,Golfe 6,Baguida,Avepozo,Institut Bilingue Libre du Togo,"Institut Bilingue Libre du Togo, Baguida","{""jeudi"",""Lundi"",""Mardi"",""Mercredi"",""Vendredi""}",Nsp,Nsp,Nsp,Nsp,Nsp,Nsp,POINT (1.3527768244611604 6.174584699262539),1.3527768244611604,6.174584699262539,,Maritime,Nsp,Nsp,Institut Bilingue Libre du Togo
_mview_formationtech_etablissements_formation_technique.fid--68fedc3e_19facce1572_-5e87,Maritime,Golfe,Golfe 6,Baguida,Kpogan,Institut d'Enseignement General et Technique Sainte Catherine,12 BP294,"{Lundi,Mardi,Mercredi,jeudi,Vendredi}",2009,Prive - individuel,{Construit et Utilise},Formation Professionnelle autre,{WCs},Oui,POINT (1.3774902351322336 6.186194391087172),1.3774902351322336,6.186194391087172,2009.0,Maritime,Formation Professionnelle autre,Prive - individuel,Institut d'Enseignement General et Technique Sainte Catherine
_mview_formationtech_etablissements_formation_technique.fid--68fedc3e_19facce1572_-5e86,Maritime,Golfe,Golfe 1,Bè-Est,Be Pa-desouza,Institut de Coupe de Couture Style et Perfectionne Style Cesar,BP 60558,"{Lundi,Mardi,Mercredi,jeudi,Vendredi}",2012,Prive - individuel,{Construit et Utilise},Formation Professionnelle autre,"{WCs,Douches}",Non,POINT (1.246570219014485 6.142533033407403),1.246570219014485,6.142533033407403,2012.0,Maritime,Formation Professionnelle autre,Prive - individuel,Institut de Coupe de Couture Style et Perfectionne Style Cesar
_mview_formationtech_etablissements_formation_technique.fid--68fedc3e_19facce1572_-5e85,Plateaux,Kloto,Kloto 1,Tové,Tove,Institut de Formation Agricole de Tove,BP 401 Kpalimé,"{Lundi,Mardi,Mercredi,jeudi,Vendredi}",1980,Domaine public de l'etat ou des collectivites territoriales,{Construit et Utilise},Licence,Nsp,Oui,POINT (0.6455883333333338 6.882958333333332),0.6455883333333338,6.882958333333332,1980.0,Plateaux,Licence,Domaine public de l'etat ou des collectivites territoriales,Institut de Formation Agricole de Tove
_mview_formationtech_etablissements_formation_technique.fid--68fedc3e_19facce1572_-5e84,Maritime,Golfe,Golfe 1,Bè-Est,Kpota,Institut de Formation des Génis Industriels (IFGI),"Lycee Technique Ifgi, Bè","{Lundi,Mardi,Mercredi,jeudi,Vendredi,Samedi}",Nsp,Nsp,{Construit et Utilise},BTS,{WCs},Non,POINT (1.2665160073923913 6.166526023740907),1.2665160073923913,6.166526023740907,,Maritime,BTS,Nsp,Institut de Formation des Génis Industriels (IFGI)
_mview_formationtech_etablissements_formation_technique.fid--68fedc3e_19facce1572_-5e83,Maritime,Golfe,Golfe 4,Amoutivé,Quartier administratif,Institut National de Formation et de Perfectionnement Professionnel (INFPP),Lome 01BP1005,"{Lundi,Mardi,Mercredi,jeudi,Vendredi}",1964,Domaine prive de l'Etat ou des collectivites territoriales,{Construit et Utilise},Formation profesionnelle autre,"{WCs,Pissotieres}",Non,POINT (1.2176797136031485 6.132705404234757),1.2176797136031485,6.132705404234757,1964.0,Maritime,Formation profesionnelle autre,Domaine prive de l'Etat ou des collectivites territoriales,Institut National de Formation et de Perfectionnement Professionnel (INFPP)
_mview_formationtech_etablissements_formation_technique.fid--68fedc3e_19facce1572_-5e82,Maritime,Agoè-Nyivé,Agoè-Nyivé 5,Sanguera,Nanegbe,"Complexe Scolaire ""Immaculee""","Cspl Immaculee Lycee Technique, Vakpossito","{Mardi,Lundi,Mercredi,jeudi,Vendredi}",2018,Prive - individuel,{Inacheve},Formation Professionnelle autre,{Latrines a eau},Non,POINT (1.1515310189393009 6.227809402699144),1.1515310189393009,6.227809402699144,2018.0,Maritime,Formation Professionnelle autre,Prive - individuel,"Complexe Scolaire ""Immaculee"""
_mview_formationtech_etablissements_formation_technique.fid--68fedc3e_19facce1572_-5e81,Kara,Kozah,Kozah 1,Commune De Kara,Chaminade,Institut des Nouvelles Technologies Appliquées de Kara (INTA),"Inta Kara, Lama","{Lundi,Mardi,Mercredi,jeudi,Vendredi}",2000,Prive - entreprise,{Construit et Utilise},Formation Professionnelle autre,{Latrines a eau},Non,POINT (1.1924120969721572 9.554606815859437),1.1924120969721572,9.554606815859437,2000.0,Kara,Formation Professionnelle autre,Prive - entreprise,Institut des Nouvelles Technologies Appliquées de Kara (INTA)
_mview_formationtech_etablissements_formation_technique.fid--68fedc3e_19facce1572_-5e80,Centrale,Tchaoudjo,Tchaoudjo 1,Sokodè (Komah),Kouloumde,Institut des Sciences Techniques du Tertiaire,"Istt-Sokode, Sokode","{Lundi,Mardi,Mercredi,jeudi,Vendredi}",1997,Prive - individuel,{Construit et Utilise},Formation Professionnelle autre,{WCs},Non,POINT (1.1487944670604306 8.981980059971402),1.1487944670604306,8.981980059971402,1997.0,Centrale,Formation Professionnelle autre,Prive - individuel,Institut des Sciences Techniques du Tertiaire
_mview_formationtech_etablissements_formation_technique.fid--68fedc3e_19facce1572_-5e7f,Kara,Kozah,Kozah 1,Commune De Kara,Chaminade,Institut Dioliss,"Institut Dioliss, Lama","{Lundi,Mardi,Mercredi,jeudi,Vendredi,Samedi}",2019,Prive - individuel,{Construit et Utilise},Formation Professionnelle autre,{WCs},Non,POINT (1.1915593401906541 9.559828692156849),1.1915593401906541,9.559828692156849,2019.0,Kara,Formation Professionnelle autre,Prive - individuel,Institut Dioliss
_mview_formationtech_etablissements_formation_technique.fid--68fedc3e_19facce1572_-5e7e,Savanes,Oti,Oti 2,Galangashie,Barkaossi,Institut de Formation en Alternance pour le Développement (IFAD) - Élevage,BP:550 barkoassi-oti,"{Lundi,Mardi,Mercredi,Vendredi,jeudi}",2021,Domaine public de l'Etat ou des collectivites territoriales,{Construit et Utilise},Formation profesionnelle autre,N/a,Oui,POINT (0.3158769835961852 10.529973098922216),0.3158769835961852,10.529973098922216,2021.0,Savanes,Formation profesionnelle autre,Domaine public de l'Etat ou des collectivites territoriales,Institut de Formation en Alternance pour le Développement (IFAD) - Élevage
_mview_formationtech_etablissements_formation_technique.fid--68fedc3e_19facce1572_-5e7d,Maritime,Golfe,Golfe 3,Bè-Ouest,Doumassesde,Institut Technique des etudes Professionnelles,"Institu Technique des etudes Professionnelles, Be Ouest","{Lundi,Mardi,Mercredi,jeudi,Vendredi,Samedi}",2006,Prive - entreprise,{Construit et Utilise},Formation Professionnelle autre,"{WCs,Latrines a eau}",Non,POINT (1.2182067076723546 6.159363152551313),1.2182067076723546,6.159363152551313,2006.0,Maritime,Formation Professionnelle autre,Prive - entreprise,Institut Technique des etudes Professionnelles
_mview_formationtech_etablissements_formation_technique.fid--68fedc3e_19facce1572_-5e7c,Maritime,Agoè-Nyivé,Agoè-Nyivé 5,Sanguera,Zopomahe,Institut Technique et Professionnel Betsaleel Lycée,BP 13086,"{Lundi,Mardi,Mercredi,jeudi,Vendredi}",2018,Prive - individuel,{Construit et Utilise},Formation Professionnelle autre,{WCs},Non,POINT (1.1364024095738319 6.236199444945271),1.1364024095738319,6.236199444945271,2018.0,Maritime,Formation Professionnelle autre,Prive - individuel,Institut Technique et Professionnel Betsaleel Lycée
_mview_formationtech_etablissements_formation_technique.fid--68fedc3e_19facce1572_-5e7b,Maritime,Agoè-Nyivé,Agoè-Nyivé 1,Agoè-Nyivé,Demakpoe,Institut Technique et Professionnel Carrefour des Leaders,"Quartier Agoe-démakpoe, 16BP652 Lomé-Togo","{""jeudi"",""Lundi"",""Mardi"",""Mercredi"",""Vendredi""}",2014,Prive - individuel,{Construit et Utilise},Formation profesionnelle autre,{Latrines a eau},Non,POINT (1.1992859850825506 6.245716381617446),1.1992859850825506,6.245716381617446,2014.0,Maritime,Formation profesionnelle autre,Prive - individuel,Institut Technique et Professionnel Carrefour des Leaders
_mview_formationtech_etablissements_formation_technique.fid--68fedc3e_19facce1572_-5e7a,Maritime,Golfe,Golfe 4,Amoutivé,Tokoin Hôpital,Institut Technique et Professionnel Georges Clemenceau,"Institut Technique et Professionnel Georges Clemenceau, Amoutive","{""jeudi"",""Lundi"",""Mardi"",""Mercredi"",""Vendredi""}",Nsp,Nsp,Nsp,Nsp,Nsp,Nsp,POINT (1.2101276515154797 6.144020802017781),1.2101276515154797,6.144020802017781,,Maritime,Nsp,Nsp,Institut Technique et Professionnel Georges Clemenceau
_mview_formationtech_etablissements_formation_technique.fid--68fedc3e_19facce1572_-5e79,Plateaux,Kloto,Kloto 1,Agome-Kpalime,Kpalime Kpeta,Institut Technique et Professionnel le Bon Berger,"Itp Le Bon Berger, Kpalime","{Vendredi,jeudi,Mercredi,Mardi,Lundi}",1995,Prive - individuel,{Construit et Utilise},Formation Professionnelle autre,"{Pissotieres,Latrines seches}",Oui,POINT (0.6412507855234586 6.891951064537765),0.6412507855234586,6.891951064537765,1995.0,Plateaux,Formation Professionnelle autre,Prive - individuel,Institut Technique et Professionnel le Bon Berger
_mview_formationtech_etablissements_formation_technique.fid--68fedc3e_19facce1572_-5e78,Maritime,Golfe,Golfe 6,Baguida,Agodeke,Institut Technique la Craie,12 BP26 - Baguida,"{Lundi,Mardi,Mercredi,jeudi,Vendredi}",2020,Prive - individuel,{Construit et Utilise},Formation Professionnelle autre,{WCs},Non,POINT (1.3588209049135325 6.182219958891685),1.3588209049135325,6.182219958891685,2020.0,Maritime,Formation Professionnelle autre,Prive - individuel,Institut Technique la Craie
_mview_formationtech_etablissements_formation_technique.fid--68fedc3e_19facce1572_-5e77,Maritime,Golfe,Golfe 6,Baguida,Baguida,Institut Technique les Elites Lycée Technique,"Lycee Technique Les Elites, Baguida","{Lundi,Mardi,Mercredi,jeudi,Vendredi}",2005,Prive - individuel,{Ferme},Formation Professionnelle autre,Nsp,Non,POINT (1.3298119157329717 6.178667497759153),1.3298119157329717,6.178667497759153,2005.0,Maritime,Formation Professionnelle autre,Prive - individuel,Institut Technique les Elites Lycée Technique
_mview_formationtech_etablissements_formation_technique.fid--68fedc3e_19facce1572_-5e76,Maritime,Agoè-Nyivé,Agoè-Nyivé 2,Légbassito,Legbassito,Institut Technique Privé Génération Obama,BP 8520,"{Lundi,Mardi,Mercredi,jeudi,Vendredi}",2010,Nsp,{Construit et Utilise},Formation Professionnelle autre,{Latrines a eau},Non,POINT (1.1566261457757354 6.267400621397014),1.1566261457757354,6.267400621397014,2010.0,Maritime,Formation Professionnelle autre,Nsp,Institut Technique Privé Génération Obama
_mview_formationtech_etablissements_formation_technique.fid--68fedc3e_19facce1572_-5e75,Plateaux,Kloto,Kloto 1,Agome-Kpalime,Kpalime,Institut Technique Saint Esprit de Kpalime,BP 30,"{Vendredi,jeudi,Mercredi,Mardi,Lundi}",2004,Prive - entreprise,{Construit et Utilise},Formation Professionnelle autre,"{WCs,Douches}",Oui,POINT (0.629019535343244 6.9066277595523875),0.629019535343244,6.9066277595523875,2004.0,Plateaux,Formation Professionnelle autre,Prive - entreprise,Institut Technique Saint Esprit de Kpalime
_mview_formationtech_etablissements_formation_technique.fid--68fedc3e_19facce1572_-5e74,Maritime,Agoè-Nyivé,Agoè-Nyivé 1,Agoè-Nyivé,N/a,Jardin technique,Nsp,Nsp,Nsp,Nsp,Nsp,Nsp,N/a,Non,POINT (1.187893333333333 6.210043333333335),1.187893333333333,6.210043333333335,,Maritime,Nsp,Nsp,Jardin technique
_mview_formationtech_etablissements_formation_technique.fid--68fedc3e_19facce1572_-5e73,Maritime,Golfe,Golfe 1,Bè-Est,Zone Portuaire,Lycée des Métiers du Bâtiment et de l'Industrie,BP 9060 09 - Lomé,"{Lundi,Mardi,Mercredi,jeudi,Vendredi}",2015,Domaine prive de l'etat ou des collectivites territoriales,{Construit et Utilise},Formation Professionnelle autre,"{WCs,Latrines a eau}",Non,POINT (1.2959488276911482 6.1601398741989835),1.2959488276911482,6.1601398741989835,2015.0,Maritime,Formation Professionnelle autre,Domaine prive de l'etat ou des collectivites territoriales,Lycée des Métiers du Bâtiment et de l'Industrie
_mview_formationtech_etablissements_formation_technique.fid--68fedc3e_19facce1572_-5e72,Maritime,Agoè-Nyivé,Agoè-Nyivé 4,Togblekope,Ahonkpe,Lycée Technique Privé Lidao,"LET Lidao, Legbassito","{Lundi,Mardi,Mercredi,jeudi,Vendredi}",2015,Prive - individuel,{En construction},Formation Professionnelle autre,{autre},Non,POINT (1.1732609166750334 6.266871110971907),1.1732609166750334,6.266871110971907,2015.0,Maritime,Formation Professionnelle autre,Prive - individuel,Lycée Technique Privé Lidao
_mview_formationtech_etablissements_formation_technique.fid--68fedc3e_19facce1572_-5e71,Maritime,Golfe,Golfe 6,Baguida,Baguida,Observatoire Panafricain Pour L'Ecole et Les Metier,12 BP 305,"{Lundi,Mardi,Mercredi,jeudi,Vendredi}",2017,Prive - individuel,{Construit et Utilise},Formation Professionnelle autre,{WCs},Non,POINT (1.3322273573505454 6.170746437956156),1.3322273573505454,6.170746437956156,2017.0,Maritime,Formation Professionnelle autre,Prive - individuel,Observatoire Panafricain Pour L'Ecole et Les Metier
_mview_formationtech_etablissements_formation_technique.fid--68fedc3e_19facce1572_-5e70,Centrale,Tchaoudjo,Tchaoudjo 1,Sokodè (Komah),Komah,Institut Technique et Commercial Assomption,BP 69,"{Lundi,Mardi,Mercredi,jeudi,Vendredi}",1970,Nsp,{Construit et Utilise},Formation Professionnelle autre,{WCs},Oui,POINT (1.1468352922079175 8.967205397863369),1.1468352922079175,8.967205397863369,1970.0,Centrale,Formation Professionnelle autre,Nsp,Institut Technique et Commercial Assomption
_mview_formationtech_etablissements_formation_technique.fid--68fedc3e_19facce1572_-5e6f,Centrale,Tchaoudjo,Tchaoudjo 1,Sokodè (Komah),Didaore,Institut Polytechnique la Dynamique,BP 03 Sokodé,"{Lundi,Mardi,Mercredi,jeudi,Vendredi}",2021,Prive - individuel,{En construction},Formation Professionnelle autre,Nsp,Non,POINT (1.1471349999999998 8.980603333333335),1.1471349999999998,8.980603333333335,2021.0,Centrale,Formation Professionnelle autre,Prive - individuel,Institut Polytechnique la Dynamique
_mview_formationtech_etablissements_formation_technique.fid--68fedc3e_19facce1572_-5e6e,Centrale,Tchaoudjo,Tchaoudjo 1,Kpangalam,Lomnava,Centre d'Information et d'Orientation Professionnelle de Sokode (CIFOP-Sokode),"Cifop Sokode, Sokode","{Lundi,Mardi,Mercredi,jeudi,Vendredi,Samedi}",2011,autre,{Construit et Utilise},Formation Professionnelle autre,{WCs},Non,POINT (1.1192868316870201 9.009573965666993),1.1192868316870201,9.009573965666993,2011.0,Centrale,Formation Professionnelle autre,autre,Centre d'Information et d'Orientation Professionnelle de Sokode (CIFOP-Sokode)
_mview_formationtech_etablissements_formation_technique.fid--68fedc3e_19facce1572_-5e6d,Centrale,Tchaoudjo,Tchaoudjo 1,Sokodè (Komah),Komah,Centre d'Enseignement Technique et Professionnel de Sokode,BP 339,"{Lundi,Mardi,Mercredi,jeudi,Vendredi}",2001,Prive - individuel,{Construit et Utilise},CAP,Nsp,Non,POINT (1.1445599999999996 8.970838333333338),1.1445599999999996,8.970838333333338,2001.0,Centrale,CAP,Prive - individuel,Centre d'Enseignement Technique et Professionnel de Sokode
_mview_formationtech_etablissements_formation_technique.fid--68fedc3e_19facce1572_-5e6c,Centrale,Tchaoudjo,Tchaoudjo 1,Sokodè (Komah),Tchawanda,Institut Polytechnique Mandela,BP 331 Sokodé,"{Lundi,Mardi,Mercredi,jeudi,Vendredi}",2021,Prive - individuel,{Construit et Utilise},Formation Professionnelle autre,{Latrines a eau},Non,POINT (1.1316620082651503 8.98707926173109),1.1316620082651503,8.98707926173109,2021.0,Centrale,Formation Professionnelle autre,Prive - individuel,Institut Polytechnique Mandela
_mview_formationtech_etablissements_formation_technique.fid--68fedc3e_19facce1572_-5e6b,Centrale,Tchaoudjo,Tchaoudjo 1,Sokodè (Komah),Quartier Administratifs,Mediatheque de Sokode,BP 484 Sokodé,"{Lundi,Mardi,Mercredi,jeudi,Vendredi,Samedi}",2006,Prive - individuel,{Construit et Utilise},BTS,{Latrines a eau},Non,POINT (1.1387333333333336 8.981995000000001),1.1387333333333336,8.981995000000001,2006.0,Centrale,BTS,Prive - individuel,Mediatheque de Sokode
_mview_formationtech_etablissements_formation_technique.fid--68fedc3e_19facce1572_-5e6a,Maritime,Agoè-Nyivé,Agoè-Nyivé 1,Agoè-Nyivé,Assiyeye,Institut Technique d'Enseignement Commercial Kouvahey - Agoe (ITEC-K Agoe),BP 13514,"{Lundi,Mardi,Mercredi,jeudi,Vendredi}",2002,Nsp,{Construit et Utilise},Formation Professionnelle autre,{Latrines a eau},Non,POINT (1.19967990537648 6.233929347883608),1.19967990537648,6.233929347883608,2002.0,Maritime,Formation Professionnelle autre,Nsp,Institut Technique d'Enseignement Commercial Kouvahey - Agoe (ITEC-K Agoe)
_mview_formationtech_etablissements_formation_technique.fid--68fedc3e_19facce1572_-5e69,Centrale,Tchaoudjo,Tchaoudjo 1,Sokodè (Komah),Tchawanda,Institut Polytechnique Pythagore,300 BP 32 - Sokodé,"{Lundi,Mardi,Mercredi,jeudi,Vendredi}",2010,Prive - individuel,{En construction},Formation Professionnelle autre,{WCs},Non,POINT (1.1282746761518994 8.989769448238212),1.1282746761518994,8.989769448238212,2010.0,Centrale,Formation Professionnelle autre,Prive - individuel,Institut Polytechnique Pythagore
_mview_formationtech_etablissements_formation_technique.fid--68fedc3e_19facce1572_-5e68,Maritime,Agoè-Nyivé,Agoè-Nyivé 6,Adétikopé,N/a,Institut Technique mon Parcours,"Institut Technique Mon Parcours, Agoe Nyive 6","{Lundi,Mardi,Mercredi,jeudi,Vendredi}",2021,Prive - individuel,{Inacheve},Formation Professionnelle autre,{WCs},Oui,POINT (1.2314571805477887 6.305637730478873),1.2314571805477887,6.305637730478873,2021.0,Maritime,Formation Professionnelle autre,Prive - individuel,Institut Technique mon Parcours
_mview_formationtech_etablissements_formation_technique.fid--68fedc3e_19facce1572_-5e67,Centrale,Tchaoudjo,Tchaoudjo 1,Sokodè (Komah),Bariki,Lycée d'Enseignement Technique et Professionnel de Sokode,BP 56,"{Lundi,Mardi,Mercredi,jeudi,Vendredi}",1922,Foncier National - terre de l'etat Non allouee,{Construit et Utilise},Formation Professionnelle autre,"{WCs,Douches}",Oui,POINT (1.1330612492185734 8.975389466467744),1.1330612492185734,8.975389466467744,1922.0,Centrale,Formation Professionnelle autre,Foncier National - terre de l'etat Non allouee,Lycée d'Enseignement Technique et Professionnel de Sokode
_mview_formationtech_etablissements_formation_technique.fid--68fedc3e_19facce1572_-5e66,Centrale,Tchaoudjo,Tchaoudjo 2,Lama-Tessi,Tare,Maison Familliala de Formation Rurale de Lama Tessi,BP 268,"{Lundi,Mardi,Mercredi,jeudi,Vendredi}",2009,Prive - Collectivite coutumiere,{Construit et Utilise},Formation Professionnelle autre,{WCs},Non,POINT (1.0724123203117628 8.849648309984342),1.0724123203117628,8.849648309984342,2009.0,Centrale,Formation Professionnelle autre,Prive - Collectivite coutumiere,Maison Familliala de Formation Rurale de Lama Tessi
_mview_formationtech_etablissements_formation_technique.fid--68fedc3e_19facce1572_-5e65,Maritime,Agoè-Nyivé,Agoè-Nyivé 1,Agoè-Nyivé,Kossigan,Institut Technique le Brillant,"Institut Technique le Brillant, Agoe Nyve","{Lundi,Mardi,Mercredi,jeudi,Vendredi}",Nsp,Nsp,{Construit et Utilise},Formation Professionnelle autre,Nsp,Non,POINT (1.1869537006709552 6.233618423376539),1.1869537006709552,6.233618423376539,,Maritime,Formation Professionnelle autre,Nsp,Institut Technique le Brillant
_mview_formationtech_etablissements_formation_technique.fid--68fedc3e_19facce1572_-5e64,Centrale,Sotouboua,Sotouboua 1,Sotouboua,Laouwai,Institut Polytechnique Techno Plus,320 BP 32 - Sotouboua,"{Lundi,Mardi,Mercredi,jeudi,Vendredi}",2004,Prive - individuel,{Construit et Utilise},Formation Professionnelle autre,{WCs},Non,POINT (0.9833948115332448 8.566553217453633),0.9833948115332448,8.566553217453633,2004.0,Centrale,Formation Professionnelle autre,Prive - individuel,Institut Polytechnique Techno Plus
_mview_formationtech_etablissements_formation_technique.fid--68fedc3e_19facce1572_-5e63,Centrale,Sotouboua,Sotouboua 1,Sotouboua,Sotouboua,Centre d'Enseignement Technique (CET) Perfect,BP 12 Sotouboua,"{Lundi,Mardi,Mercredi,jeudi,Vendredi}",2009,autre,{Construit et Utilise},CAP,"{WCs,Douches}",Oui,POINT (0.9893207951227089 8.57876403423633),0.9893207951227089,8.57876403423633,2009.0,Centrale,CAP,autre,Centre d'Enseignement Technique (CET) Perfect
_mview_formationtech_etablissements_formation_technique.fid--68fedc3e_19facce1572_-5e62,Centrale,Sotouboua,Sotouboua 1,Sotouboua,Sotouboua,Centre de Formation Technique de Sotouboua Comienas,BP 69 Sotouboua,"{Lundi,Mardi,Mercredi,jeudi,Vendredi}",1994,Prive - entreprise,{Construit et Utilise},Formation Professionnelle autre,{WCs},Non,POINT (0.9911255492519939 8.554312795157191),0.9911255492519939,8.554312795157191,1994.0,Centrale,Formation Professionnelle autre,Prive - entreprise,Centre de Formation Technique de Sotouboua Comienas
_mview_formationtech_etablissements_formation_technique.fid--68fedc3e_19facce1572_-5e61,Centrale,Tchamba,Tchamba 1,Tchamba,Kitom,Complexe Scolaire Informatique et Technique Ya Salam,"Complexe Scolaire Info-Tech Ya Salam, Tchamba","{Lundi,jeudi,Mardi,Mercredi,Vendredi}",2017,Prive - individuel,{Construit et Utilise},CAP,"{Latrines a eau,Douches}",Non,POINT (1.4212318420319956 9.016451984830447),1.4212318420319956,9.016451984830447,2017.0,Centrale,CAP,Prive - individuel,Complexe Scolaire Informatique et Technique Ya Salam
_mview_formationtech_etablissements_formation_technique.fid--68fedc3e_19facce1572_-5e60,Maritime,Agoè-Nyivé,Agoè-Nyivé 1,Agoè-Nyivé,Tellessou,Complexe Scolaire les Sages Lycée Technique,13 BP123,"{Vendredi,jeudi,Mercredi,Mardi,Lundi}",2014,Prive - individuel,{Construit et Utilise},Formation Professionnelle autre,Nsp,Non,POINT (1.1715484473285294 6.2258597326147616),1.1715484473285294,6.2258597326147616,2014.0,Maritime,Formation Professionnelle autre,Prive - individuel,Complexe Scolaire les Sages Lycée Technique
_mview_formationtech_etablissements_formation_technique.fid--68fedc3e_19facce1572_-5e5f,Plateaux,Kloto,Kloto 3,Kouma,Dunyo,CRASE de Kuma-Dunyo,BP 234 Kpalimé,"{Lundi,Mardi,Mercredi,jeudi,Vendredi}",1978,Domaine public de l'etat ou des collectivites territoriales,{Construit et Utilise},Formation Professionnelle autre,Nsp,Non,POINT (0.5921441455391109 6.980541988611658),0.5921441455391109,6.980541988611658,1978.0,Plateaux,Formation Professionnelle autre,Domaine public de l'etat ou des collectivites territoriales,CRASE de Kuma-Dunyo
_mview_formationtech_etablissements_formation_technique.fid--68fedc3e_19facce1572_-5e5e,Centrale,Tchamba,Tchamba 1,Tchamba,Medina,Centre de Formation Technique et Professionnelle de Tchamba,"Centre de Formation Technique et Professionnelle de Tchamba, Tchamba","{Lundi,Mardi,Mercredi,jeudi,Vendredi}",1999,Domaine public de l'etat ou des collectivites territoriales,{Construit et Utilise},Formation Professionnelle autre,"{WCs,Latrines a eau,Douches}",Oui,POINT (1.4159050000000002 9.002595000000001),1.4159050000000002,9.002595000000001,1999.0,Centrale,Formation Professionnelle autre,Domaine public de l'etat ou des collectivites territoriales,Centre de Formation Technique et Professionnelle de Tchamba
_mview_formationtech_etablissements_formation_technique.fid--68fedc3e_19facce1572_-5e5d,Maritime,Agoè-Nyivé,Agoè-Nyivé 6,Adétikopé,Adetikope Centre,Institut de Formation HTIB Atlantis,"Institut de Formation Htib Atlantis, Adetikope","{Lundi,Mardi,Mercredi,jeudi,Vendredi}",2012,Prive - individuel,{Inacheve},CAP,{WCs},Non,POINT (1.222898393633333 6.321332746484188),1.222898393633333,6.321332746484188,2012.0,Maritime,CAP,Prive - individuel,Institut de Formation HTIB Atlantis
_mview_formationtech_etablissements_formation_technique.fid--68fedc3e_19facce1572_-5e5c,Centrale,Blitta,Blitta 1,Blitta,Dépôt,Institut de Technologie et de la Formation Professionnelle de Blitta (Itfp-Blitta),BP 18 Blitta,"{Lundi,Mardi,Mercredi,jeudi,Vendredi}",2013,Prive - individuel,{Construit et Utilise},CAP,"{WCs,Douches}",Non,POINT (0.982862014465271 8.327344265152531),0.982862014465271,8.327344265152531,2013.0,Centrale,CAP,Prive - individuel,Institut de Technologie et de la Formation Professionnelle de Blitta (Itfp-Blitta)
_mview_formationtech_etablissements_formation_technique.fid--68fedc3e_19facce1572_-5e5b,Centrale,Blitta,Blitta 1,Blitta,Hezouda,Centre de Formation Technique et Professionnelle de Blitta,"Cftp, Blitta Gare","{Lundi,Mardi,jeudi,Mercredi,Vendredi}",2020,Domaine public de l'etat ou des collectivites territoriales,{Construit et Utilise},CAP,"{Latrines seches,WCs}",Non,POINT (0.9906897213895501 8.315479796823015),0.9906897213895501,8.315479796823015,2020.0,Centrale,CAP,Domaine public de l'etat ou des collectivites territoriales,Centre de Formation Technique et Professionnelle de Blitta
_mview_formationtech_etablissements_formation_technique.fid--68fedc3e_19facce1572_-5e5a,Centrale,Tchaoudjo,Tchaoudjo 1,Kpangalam,Kpangalam,Institut Technique Sainte Josephine Bakhita Lycée Technique,300 BP 62 - Sokodé,"{Vendredi,jeudi,Mercredi,Lundi,Mardi}",2000,Prive - individuel,{Construit et Utilise},Formation Professionnelle autre,{WCs},Oui,POINT (1.1296782871585234 9.009258441701826),1.1296782871585234,9.009258441701826,2000.0,Centrale,Formation Professionnelle autre,Prive - individuel,Institut Technique Sainte Josephine Bakhita Lycée Technique
_mview_formationtech_etablissements_formation_technique.fid--68fedc3e_19facce1572_-5e59,Maritime,Agoè-Nyivé,Agoè-Nyivé 3,Vakpossito,Vakpossito,Complexe Scolaire le Cerveau Lycée Technique,"Cs Le Cerveau Lycee Technique, Vakpossito","{Lundi,Mardi,Mercredi,jeudi,Vendredi}",2014,Prive - individuel,{Construit et Utilise},Formation Professionnelle autre,"{Latrines seches,Pissotieres}",Non,POINT (1.1553483333333328 6.22104856719269),1.1553483333333328,6.22104856719269,2014.0,Maritime,Formation Professionnelle autre,Prive - individuel,Complexe Scolaire le Cerveau Lycée Technique
_mview_formationtech_etablissements_formation_technique.fid--68fedc3e_19facce1572_-5e58,Maritime,Golfe,Golfe 5,Aflao-Gakli,Amadahome,Complexe Scolaire Anne et Albert Lycée Technique,"Lycee Technique Anne et Albert, Aflao Sagbado","{Lundi,Mardi,Mercredi,jeudi,Vendredi}",2005,Prive - individuel,{Construit et Utilise},Formation Professionnelle autre,{WCs},Oui,POINT (1.161277941538585 6.207451714315899),1.161277941538585,6.207451714315899,2005.0,Maritime,Formation Professionnelle autre,Prive - individuel,Complexe Scolaire Anne et Albert Lycée Technique
_mview_formationtech_etablissements_formation_technique.fid--68fedc3e_19facce1572_-5e57,Maritime,Agoè-Nyivé,Agoè-Nyivé 6,Adétikopé,Adetikope,Institut Polytechnique Akakpo Ayefounin,"Institut Polytechnique Akakpo Ayefounin, Adetikope","{Lundi,Mardi,Mercredi,jeudi,Vendredi}",2018,Prive - individuel,{Inacheve},CAP,{WCs},Oui,POINT (1.243673230391456 6.31281764932409),1.243673230391456,6.31281764932409,2018.0,Maritime,CAP,Prive - individuel,Institut Polytechnique Akakpo Ayefounin
_mview_formationtech_etablissements_formation_technique.fid--68fedc3e_19facce1572_-5e56,Maritime,Agoè-Nyivé,Agoè-Nyivé 1,Agoè-Nyivé,Minamadou,Institut Technique la Colombe de Dieu,"Institut Technique la Colombe de Dieu, Agoe-Nyve","{Lundi,Mardi,Mercredi,jeudi,Vendredi}",1996,Nsp,{Construit et Utilise},Formation Professionnelle autre,{Latrines seches},Non,POINT (1.1944676102948641 6.2250256237700325),1.1944676102948641,6.2250256237700325,1996.0,Maritime,Formation Professionnelle autre,Nsp,Institut Technique la Colombe de Dieu
_mview_formationtech_etablissements_formation_technique.fid--68fedc3e_19facce1572_-5e55,Maritime,Agoè-Nyivé,Agoè-Nyivé 4,Togblekope,Togble,Complexe Scolaire Evolution Lycée,"Cs Evolution Lycee, Togblekope","{Vendredi,jeudi,Mercredi,Mardi,Lundi}",2016,Prive - individuel,{Construit et Utilise},Formation Professionnelle autre,{Pissotieres},Non,POINT (1.2215240817411939 6.262172734933698),1.2215240817411939,6.262172734933698,2016.0,Maritime,Formation Professionnelle autre,Prive - individuel,Complexe Scolaire Evolution Lycée
_mview_formationtech_etablissements_formation_technique.fid--68fedc3e_19facce1572_-5e54,Maritime,Agoè-Nyivé,Agoè-Nyivé 4,Togblekope,Lome Agoenyieve Zilidji,Complexe Scolaire Lallire Dorkenoo College Technique,"Cspl de Lallire Dorkenoo Lycee Technique, Agoenyieve","{Lundi,Mardi,Mercredi,jeudi,Vendredi}",2010,Prive - individuel,{Construit et Utilise},Formation Professionnelle autre,{Latrines seches},Non,POINT (1.1988948017629375 6.257831682593802),1.1988948017629375,6.257831682593802,2010.0,Maritime,Formation Professionnelle autre,Prive - individuel,Complexe Scolaire Lallire Dorkenoo College Technique
_mview_formationtech_etablissements_formation_technique.fid--68fedc3e_19facce1572_-5e53,Maritime,Agoè-Nyivé,Agoè-Nyivé 1,Agoè-Nyivé,Cleve,Institut Technique la Source,"Institut Tchnique La Source, Agoe Nyive","{Lundi,Mardi,Mercredi,jeudi,Vendredi}",2014,Prive - individuel,Nsp,Nsp,{WCs},Oui,POINT (1.1976470554450809 6.224360906279641),1.1976470554450809,6.224360906279641,2014.0,Maritime,Nsp,Prive - individuel,Institut Technique la Source
_mview_formationtech_etablissements_formation_technique.fid--68fedc3e_19facce1572_-5e52,Maritime,Golfe,Golfe 5,Aflao-Gakli,Agbalepedo,Institut Technique le Heros,"Institut Technique le Heros, Aflao_Gakli","{Lundi,Mardi,Mercredi,jeudi,Vendredi}",2005,Prive - individuel,{Construit et Utilise},Formation Professionnelle autre,{Latrines a eau},Non,POINT (1.1955282899691908 6.186114101264609),1.1955282899691908,6.186114101264609,2005.0,Maritime,Formation Professionnelle autre,Prive - individuel,Institut Technique le Heros
_mview_formationtech_etablissements_formation_technique.fid--68fedc3e_19facce1572_-5e51,Maritime,Golfe,Golfe 6,Baguida,Kpogan Azitigome,Institut d'Education Saint Esprit de Kpogan Lycée,"Cs Saint Esprit de Kpogan Lycee, Baguida","{Vendredi,jeudi,Mercredi,Mardi,Lundi}",2014,Prive - individuel,{Construit et Utilise},Nsp,Nsp,Non,POINT (1.3781616666666667 6.188823333333334),1.3781616666666667,6.188823333333334,2014.0,Maritime,Nsp,Prive - individuel,Institut d'Education Saint Esprit de Kpogan Lycée
_mview_formationtech_etablissements_formation_technique.fid--68fedc3e_19facce1572_-5e50,Maritime,Golfe,Golfe 6,Baguida,Baguida/yovokome,Institut Martessi Lycée Technique,"Lycee Technique Institut Martessi, Baguida","{Lundi,Mardi,Mercredi,jeudi,Vendredi}",2008,Prive - individuel,{Construit et Utilise},Formation Professionnelle autre,{WCs},Non,POINT (1.3304078536572177 6.169472405522721),1.3304078536572177,6.169472405522721,2008.0,Maritime,Formation Professionnelle autre,Prive - individuel,Institut Martessi Lycée Technique
_mview_formationtech_etablissements_formation_technique.fid--68fedc3e_19facce1572_-5e4f,Maritime,Golfe,Golfe 5,Aflao-Gakli,Totsi,Lycée d'Enseignement Technique Jumau ITA,"Lycee Iet Jumau Ita, Aflao Gakl","{Lundi,Mardi,Mercredi,jeudi,Vendredi}",2011,Prive - entreprise,{Construit et Utilise},Formation Professionnelle autre,{WCs},Non,POINT (1.190318134070243 6.1923923558781455),1.190318134070243,6.1923923558781455,2011.0,Maritime,Formation Professionnelle autre,Prive - entreprise,Lycée d'Enseignement Technique Jumau ITA
_mview_formationtech_etablissements_formation_technique.fid--68fedc3e_19facce1572_-5e4e,Maritime,Agoè-Nyivé,Agoè-Nyivé 1,Agoè-Nyivé,Cacaveli,Institut Technique El-Rohi,"Institut Technique El-Rohi, Agoe-Nyve","{Lundi,Mardi,Mercredi,jeudi,Vendredi}",2007,Nsp,{Construit et Utilise},Formation Professionnelle autre,{WCs},Non,POINT (1.1939481077022156 6.217842822275929),1.1939481077022156,6.217842822275929,2007.0,Maritime,Formation Professionnelle autre,Nsp,Institut Technique El-Rohi
_mview_formationtech_etablissements_formation_technique.fid--68fedc3e_19facce1572_-5e4d,Maritime,Agoè-Nyivé,Agoè-Nyivé 4,Togblekope,Togblekope Atchanve,Complexe Scolaire Prestige Esso Lycée,"Cs Prestige Lycee, Togblekope","{Lundi,Mardi,Mercredi,jeudi,Vendredi}",2011,Prive - individuel,"{Inacheve,En construction}",Formation Professionnelle autre,Nsp,Non,POINT (1.2098193468311587 6.279125715716909),1.2098193468311587,6.279125715716909,2011.0,Maritime,Formation Professionnelle autre,Prive - individuel,Complexe Scolaire Prestige Esso Lycée
_mview_formationtech_etablissements_formation_technique.fid--68fedc3e_19facce1572_-5e4c,Maritime,Agoè-Nyivé,Agoè-Nyivé 4,Togblekope,Togble Zongo,Complexe Scolaire le Bon Samaritain Lycée Technique,"Lycee Technique Le Bon Samaritain, Togblekope","{Lundi,Mardi,Mercredi,jeudi,Vendredi}",Nsp,Prive - individuel,{En construction},Formation Professionnelle autre,Nsp,Non,POINT (1.19885286686416 6.268504811626918),1.19885286686416,6.268504811626918,,Maritime,Formation Professionnelle autre,Prive - individuel,Complexe Scolaire le Bon Samaritain Lycée Technique
_mview_formationtech_etablissements_formation_technique.fid--68fedc3e_19facce1572_-5e4b,Maritime,Agoè-Nyivé,Agoè-Nyivé 4,Togblekope,Togble Zongo,Complexe Scolaire Ipr Az Haz Nour Lycée Technique,"Lycee Technique Ipr Az Haz Nour, Togblekope","{Lundi,Mardi,Mercredi,jeudi,Vendredi}",2021,Prive - individuel,Nsp,Formation Professionnelle autre,Nsp,Non,POINT (1.189309787384173 6.2671087188507055),1.189309787384173,6.2671087188507055,2021.0,Maritime,Formation Professionnelle autre,Prive - individuel,Complexe Scolaire Ipr Az Haz Nour Lycée Technique
_mview_formationtech_etablissements_formation_technique.fid--68fedc3e_19facce1572_-5e4a,Maritime,Agoè-Nyivé,Agoè-Nyivé 1,Agoè-Nyivé,Atsanve,institut Polyvalent Laïc le Prestige du Savoir Lycée,"IPL le Prestige du Savoir Lycee, Agoe","{Lundi,Mardi,Mercredi,jeudi,Vendredi}",2018,Nsp,{En construction},CAP,"{WCs,Pissotieres}",Non,POINT (1.213021995541966 6.226906368162294),1.213021995541966,6.226906368162294,2018.0,Maritime,CAP,Nsp,institut Polyvalent Laïc le Prestige du Savoir Lycée
_mview_formationtech_etablissements_formation_technique.fid--68fedc3e_19facce1572_-5e49,Maritime,Golfe,Golfe 1,Bè-Est,Gbenyedji,Complexe Scolaire BG Poussinets,"Institut Technique Bg Poussinets, gbenyedji","{Lundi,Mercredi,Mardi,jeudi,Vendredi}",2014,Prive - individuel,{Construit et Utilise},Formation profesionnelle autre,{Latrines a eau},Non,POINT (1.2553756290276121 6.147460135434001),1.2553756290276121,6.147460135434001,2014.0,Maritime,Formation profesionnelle autre,Prive - individuel,Complexe Scolaire BG Poussinets
_mview_formationtech_etablissements_formation_technique.fid--68fedc3e_19facce1572_-5e48,Maritime,Golfe,Golfe 1,Bè-Est,Gbenyedji,Complexe Scolaire BG Poussinets,"Institut Technique Bg Poussinets, Be","{Lundi,Mercredi,Mardi,jeudi,Vendredi}",2014,Prive - individuel,{Construit et Utilise},Formation Professionnelle autre,{Latrines a eau},Non,POINT (1.2553974000000003 6.147201309317102),1.2553974000000003,6.147201309317102,2014.0,Maritime,Formation Professionnelle autre,Prive - individuel,Complexe Scolaire BG Poussinets
_mview_formationtech_etablissements_formation_technique.fid--68fedc3e_19facce1572_-5e47,Maritime,Golfe,Golfe 6,Baguida,Adamavo,Institut Technique et Professionnel la Vision,"Itp La Vision, Baguida","{Vendredi,jeudi,Mercredi,Mardi,Lundi}",2019,Prive - individuel,{Construit et Utilise},Formation Professionnelle autre,{Latrines a eau},Non,POINT (1.309138761699091 6.166778086422363),1.309138761699091,6.166778086422363,2019.0,Maritime,Formation Professionnelle autre,Prive - individuel,Institut Technique et Professionnel la Vision
_mview_formationtech_etablissements_formation_technique.fid--68fedc3e_19facce1572_-5e46,Maritime,Golfe,Golfe 7,Aflao-Sagbado,Yokoe Agblegan,Institut Prince Bedy,"Institut Prince Bedy, Aflao Sagbado","{Lundi,Mardi,Mercredi,jeudi,Vendredi}",1997,Prive - individuel,{En construction},Formation Professionnelle autre,{Latrines a eau},Non,POINT (1.1565100000000008 6.181451666666667),1.1565100000000008,6.181451666666667,1997.0,Maritime,Formation Professionnelle autre,Prive - individuel,Institut Prince Bedy
_mview_formationtech_etablissements_formation_technique.fid--68fedc3e_19facce1572_-5e45,Maritime,Agoè-Nyivé,Agoè-Nyivé 1,Agoè-Nyivé,Demakpoe,Complexe Scolaire Privé Payarama Lycée Technique,"Csp Payarama Lycee Technique, Agoenyieve 1","{Lundi,Mardi,Mercredi,jeudi,Vendredi}",2001,Prive - individuel,{Construit et Utilise},Nsp,{Latrines a eau},Oui,POINT (1.196181696098755 6.246787677180356),1.196181696098755,6.246787677180356,2001.0,Maritime,Nsp,Prive - individuel,Complexe Scolaire Privé Payarama Lycée Technique
_mview_formationtech_etablissements_formation_technique.fid--68fedc3e_19facce1572_-5e44,Maritime,Golfe,Golfe 1,Bè-Est,Gbenyedzi,Complexe Scolaire Item Lycée Technique,"Lycee Technique Item, Be","{Lundi,Mardi,Mercredi,jeudi,Vendredi}",1992,Prive - individuel,{Construit et Utilise},Formation Professionnelle autre,{WCs},Non,POINT (1.2520536847565191 6.147534894823467),1.2520536847565191,6.147534894823467,1992.0,Maritime,Formation Professionnelle autre,Prive - individuel,Complexe Scolaire Item Lycée Technique
_mview_formationtech_etablissements_formation_technique.fid--68fedc3e_19facce1572_-5e43,Maritime,Agoè-Nyivé,Agoè-Nyivé 1,Agoè-Nyivé,Adidoadin,Collège Technique Commercial Les Elephanteaux,2489,"{Lundi,Mardi,Mercredi,jeudi,Vendredi}",1995,Prive - individuel,{Construit et Utilise},Formation Professionnelle autre,{Latrines a eau},Oui,POINT (1.1869388891621009 6.208906727180581),1.1869388891621009,6.208906727180581,1995.0,Maritime,Formation Professionnelle autre,Prive - individuel,Collège Technique Commercial Les Elephanteaux
_mview_formationtech_etablissements_formation_technique.fid--68fedc3e_19facce1572_-5e42,Maritime,Golfe,Golfe 6,Baguida,Avepozo,Institut Technique Vic Intelligentia,"Cs Vic Intelligentia, Baguida","{Lundi,Mardi,Mercredi,jeudi,Vendredi}",2002,Prive - individuel,{Construit et Utilise},Formation Professionnelle autre,{WCs},Oui,POINT (1.3467259632773299 6.1703258741547256),1.3467259632773299,6.1703258741547256,2002.0,Maritime,Formation Professionnelle autre,Prive - individuel,Institut Technique Vic Intelligentia
_mview_formationtech_etablissements_formation_technique.fid--68fedc3e_19facce1572_-5e41,Maritime,Golfe,Golfe 6,Baguida,Olibokope,Complexe Scolaire la Puissance de Dieu Lycée Technique,"Lycee Technique Cs La Puissance de Dieu, Baguida","{Lundi,Mardi,Mercredi,jeudi,Vendredi}",2020,Prive - individuel,"{En construction,Construit et Utilise}",Formation Professionnelle autre,Nsp,Non,POINT (1.349396392935005 6.185142197085515),1.349396392935005,6.185142197085515,2020.0,Maritime,Formation Professionnelle autre,Prive - individuel,Complexe Scolaire la Puissance de Dieu Lycée Technique
_mview_formationtech_etablissements_formation_technique.fid--68fedc3e_19facce1572_-5e40,Maritime,Golfe,Golfe 1,Bè-Est,Bekpota,Complexe Scolaire le Savoir Lycée Technique,01 BP 750,"{Lundi,Mardi,Mercredi,jeudi,Vendredi}",2000,Prive - entreprise,{Construit et Utilise},Formation Professionnelle autre,{WCs},Non,POINT (1.264609975669082 6.15989403034563),1.264609975669082,6.15989403034563,2000.0,Maritime,Formation Professionnelle autre,Prive - entreprise,Complexe Scolaire le Savoir Lycée Technique
_mview_formationtech_etablissements_formation_technique.fid--68fedc3e_19facce1572_-5e3f,Maritime,Agoè-Nyivé,Agoè-Nyivé 5,Sanguera,Zopomahe,Institut Technique et Professionnel Ebenezer Le Grand Lycée,"Itm Ebenezer le Grand Lycee, Sanguera","{Lundi,Mardi,Mercredi,jeudi,Vendredi}",2019,Prive - individuel,{Construit et Utilise},Formation Professionnelle autre,{Latrines a eau},Non,POINT (1.1373864052688005 6.228697283825817),1.1373864052688005,6.228697283825817,2019.0,Maritime,Formation Professionnelle autre,Prive - individuel,Institut Technique et Professionnel Ebenezer Le Grand Lycée
_mview_formationtech_etablissements_formation_technique.fid--68fedc3e_19facce1572_-5e3e,Maritime,Agoè-Nyivé,Agoè-Nyivé 1,Agoè-Nyivé,Cacaveli,Institut Polytechnique la Paix,BP 10085,"{Lundi,Mardi,Mercredi,jeudi,Vendredi}",2001,Prive - individuel,{Construit et Utilise},CAP,{WCs},Non,POINT (1.1993083633749195 6.220751618506628),1.1993083633749195,6.220751618506628,2001.0,Maritime,CAP,Prive - individuel,Institut Polytechnique la Paix
_mview_formationtech_etablissements_formation_technique.fid--68fedc3e_19facce1572_-5e3d,Maritime,Agoè-Nyivé,Agoè-Nyivé 1,Agoè-Nyivé,Agoe Anome,GS Rm Annexe Lycée Technique,BP 12051,"{Lundi,Mardi,Mercredi,jeudi,Vendredi}",2018,Prive - individuel,{En construction},Formation Professionnelle autre,Nsp,Non,POINT (1.187637595574649 6.209155407150044),1.187637595574649,6.209155407150044,2018.0,Maritime,Formation Professionnelle autre,Prive - individuel,GS Rm Annexe Lycée Technique
_mview_formationtech_etablissements_formation_technique.fid--68fedc3e_19facce1572_-5e3c,Maritime,Agoè-Nyivé,Agoè-Nyivé 1,Agoè-Nyivé,Assiyeye,Institut Polytechnique la Grace de Dieu,"IP La Grace de Diei, Agoe-Nyive","{Lundi,Mardi,Mercredi,jeudi,Vendredi}",2004,Nsp,{Construit et Utilise},Formation Professionnelle autre,{WCs},Non,POINT (1.1981151847958773 6.2307329501557),1.1981151847958773,6.2307329501557,2004.0,Maritime,Formation Professionnelle autre,Nsp,Institut Polytechnique la Grace de Dieu
_mview_formationtech_etablissements_formation_technique.fid--68fedc3e_19facce1572_-5e3b,Maritime,Golfe,Golfe 1,Bè-Est,Lome Kagnikope,Complexe Scolaire Baptiste de Kagnikope Lycée Technique,09 BP9034 - Lomé,"{Lundi,Mardi,Mercredi,jeudi,Vendredi}",2016,Prive - entreprise,{Construit et Utilise},Formation Professionnelle autre,{Latrines a eau},Non,POINT (1.2953909502047685 6.172786419363798),1.2953909502047685,6.172786419363798,2016.0,Maritime,Formation Professionnelle autre,Prive - entreprise,Complexe Scolaire Baptiste de Kagnikope Lycée Technique
_mview_formationtech_etablissements_formation_technique.fid--68fedc3e_19facce1572_-5e3a,Maritime,Golfe,Golfe 7,Aflao-Sagbado,Akato,Complexe Scolaire Nouvelle Ecole des Elites Amewouho Lycée,"Cs Nouvelle Ecole des Elites Amewouho Lycée, Aflao Sagbado","{Lundi,Mardi,Mercredi,jeudi,Vendredi}",2018,Prive - individuel,{Construit et Utilise},Formation Professionnelle autre,Nsp,Non,POINT (1.0998144912944319 6.1882902884732784),1.0998144912944319,6.1882902884732784,2018.0,Maritime,Formation Professionnelle autre,Prive - individuel,Complexe Scolaire Nouvelle Ecole des Elites Amewouho Lycée
_mview_formationtech_etablissements_formation_technique.fid--68fedc3e_19facce1572_-5e39,Maritime,Golfe,Golfe 4,Amoutivé,Adawalato,College Notre Dame du Sacré Coeur Lycée Technique,BP 511,"{Lundi,Mardi,Mercredi,jeudi,Vendredi}",2002,autre,{Construit et Utilise},Formation Professionnelle autre,"{Latrines a eau,Douches}",Oui,POINT (1.2298486720172994 6.127274311070356),1.2298486720172994,6.127274311070356,2002.0,Maritime,Formation Professionnelle autre,autre,College Notre Dame du Sacré Coeur Lycée Technique
_mview_formationtech_etablissements_formation_technique.fid--68fedc3e_19facce1572_-5e38,Maritime,Agoè-Nyivé,Agoè-Nyivé 5,Sanguera,Kohe,Complexe Scolaire le Savoir de Kohe Lycée,"Cs Le Savoir de Kohe Lycee, Sanguera","{Vendredi,jeudi,Mercredi,Mardi,Lundi}",2016,Prive - individuel,{Construit et Utilise},Formation Professionnelle autre,Nsp,Non,POINT (1.142964015702884 6.221895984191705),1.142964015702884,6.221895984191705,2016.0,Maritime,Formation Professionnelle autre,Prive - individuel,Complexe Scolaire le Savoir de Kohe Lycée
_mview_formationtech_etablissements_formation_technique.fid--68fedc3e_19facce1572_-5e37,Maritime,Golfe,Golfe 4,Amoutivé,Nyekonakpoe,Institut Polytechnique de Batiment et des Travaux Publics(IPBTP),BP 60625,"{Lundi,Mardi,Mercredi,jeudi,Vendredi}",2001,Prive - individuel,{En construction},Formation Professionnelle autre,{WCs},Non,POINT (1.2096916666666666 6.134446666666665),1.2096916666666666,6.134446666666665,2001.0,Maritime,Formation Professionnelle autre,Prive - individuel,Institut Polytechnique de Batiment et des Travaux Publics(IPBTP)
_mview_formationtech_etablissements_formation_technique.fid--68fedc3e_19facce1572_-5e36,Maritime,Golfe,Golfe 7,Aflao-Sagbado,Segbe-douane,Institut Technique Saint Joseph de Segbe,01 BP 227,"{Mardi,Mercredi,Lundi,jeudi,Vendredi}",2019,Prive - individuel,{En construction},Formation Professionnelle autre,{Latrines a eau},Non,POINT (1.1130524321381419 6.194329723632431),1.1130524321381419,6.194329723632431,2019.0,Maritime,Formation Professionnelle autre,Prive - individuel,Institut Technique Saint Joseph de Segbe
_mview_formationtech_etablissements_formation_technique.fid--68fedc3e_19facce1572_-5e35,Maritime,Golfe,Golfe 1,Bè-Est,Ablogame,Institut Technique et Commercial La Mémoire,"Lycee Technique La Memoire, Be","{Lundi,Mardi,Mercredi,jeudi,Vendredi}",2004,Prive - individuel,{Construit et Utilise},Formation Professionnelle autre,{WCs},Non,POINT (1.2626529980653591 6.143974660681774),1.2626529980653591,6.143974660681774,2004.0,Maritime,Formation Professionnelle autre,Prive - individuel,Institut Technique et Commercial La Mémoire
_mview_formationtech_etablissements_formation_technique.fid--68fedc3e_19facce1572_-5e34,Maritime,Golfe,Golfe 2,Bè-Centre,Novissi,Institut Technique Nouvelle Generation,"Boulevard Jean Paul ll, Novissi","{Lundi,Mardi,Mercredi,jeudi,Vendredi}",2003,Prive - entreprise,{Construit et Utilise},Formation Professionnelle autre,{WCs},Oui,POINT (1.2346699398124126 6.1730909596977455),1.2346699398124126,6.1730909596977455,2003.0,Maritime,Formation Professionnelle autre,Prive - entreprise,Institut Technique Nouvelle Generation
_mview_formationtech_etablissements_formation_technique.fid--68fedc3e_19facce1572_-5e33,Maritime,Golfe,Golfe 3,Bè-Ouest,Dogbeavou,Institut Technique Notre Dame de l'Eglise (INTDE),BP 8019,"{Lundi,Mardi,Mercredi,jeudi,Vendredi}",1971,autre,{Construit et Utilise},Formation Professionnelle autre,{WCs},Oui,POINT (1.210534431666232 6.1493679752377695),1.210534431666232,6.1493679752377695,1971.0,Maritime,Formation Professionnelle autre,autre,Institut Technique Notre Dame de l'Eglise (INTDE)
_mview_formationtech_etablissements_formation_technique.fid--68fedc3e_19facce1572_-5e32,Maritime,Golfe,Golfe 7,Aflao-Sagbado,Ablogome,Complexe Scolaire la Maitrise Lycée Technique,BP 3618,"{Lundi,Mardi,Mercredi,jeudi,Vendredi}",1998,Prive - individuel,{Construit et Utilise},Formation Professionnelle autre,Nsp,Non,POINT (1.1601616568998387 6.185269816616314),1.1601616568998387,6.185269816616314,1998.0,Maritime,Formation Professionnelle autre,Prive - individuel,Complexe Scolaire la Maitrise Lycée Technique
_mview_formationtech_etablissements_formation_technique.fid--68fedc3e_19facce1572_-5e31,Maritime,Golfe,Golfe 4,Amoutivé,Tokoin Hôpital,Institut d'Enseignement Technique et Informatique (ISETI),"(ESETI) Institut de L'Enseignement Technique et Imformatique, Amoutieve","{Lundi,Mardi,Mercredi,jeudi,Vendredi}",2005,Prive - individuel,{Construit et Utilise},CAP,{WCs},Non,POINT (1.2112823610344698 6.1403108717958865),1.2112823610344698,6.1403108717958865,2005.0,Maritime,CAP,Prive - individuel,Institut d'Enseignement Technique et Informatique (ISETI)
_mview_formationtech_etablissements_formation_technique.fid--68fedc3e_19facce1572_-5e30,Maritime,Golfe,Golfe 7,Aflao-Sagbado,Sagbado,Institut Technique Amitié Concorde,BP 8292,"{Lundi,Mardi,Mercredi,jeudi,Vendredi}",2010,Prive - entreprise,{Construit et Utilise},Formation Professionnelle autre,{Latrines a eau},Non,POINT (1.1401726536120638 6.194521016266845),1.1401726536120638,6.194521016266845,2010.0,Maritime,Formation Professionnelle autre,Prive - entreprise,Institut Technique Amitié Concorde
_mview_formationtech_etablissements_formation_technique.fid--68fedc3e_19facce1572_-5e2f,Kara,Kozah,Kozah 1,Commune De Kara,Kara Sud,Ecole Hotel Alcor Mira,"Alcor Mira, Lama","{Lundi,Mardi,Mercredi,jeudi,Vendredi}",2013,Nsp,{Construit et Utilise},CAP,{Latrines a eau},Non,POINT (1.1954648745818757 9.540136203731798),1.1954648745818757,9.540136203731798,2013.0,Kara,CAP,Nsp,Ecole Hotel Alcor Mira
_mview_formationtech_etablissements_formation_technique.fid--68fedc3e_19facce1572_-5e2e,Maritime,Golfe,Golfe 4,Amoutivé,Tokoin N'tifafa Kome,Institut Technique Saint Joseph de Lome,"Institut Technique Saint Joseph de Lome, Be","{Lundi,Mardi,Mercredi,jeudi,Vendredi}",2002,autre,{Construit et Utilise},Formation Professionnelle autre,{Latrines a eau},Oui,POINT (1.2325827558770828 6.148214322915355),1.2325827558770828,6.148214322915355,2002.0,Maritime,Formation Professionnelle autre,autre,Institut Technique Saint Joseph de Lome
_mview_formationtech_etablissements_formation_technique.fid--68fedc3e_19facce1572_-5e2d,Maritime,Agoè-Nyivé,Agoè-Nyivé 1,Agoè-Nyivé,Kove,institut Polyvalent Laïc les Dinosaures Annexe,"IPL les Dinosaures Annexe, Legbassito","{Lundi,Mardi,Mercredi,jeudi,Vendredi}",2014,Nsp,{Construit et Utilise},Formation Professionnelle autre,{Latrines a eau},Non,POINT (1.1652695258682921 6.24392429062836),1.1652695258682921,6.24392429062836,2014.0,Maritime,Formation Professionnelle autre,Nsp,institut Polyvalent Laïc les Dinosaures Annexe
_mview_formationtech_etablissements_formation_technique.fid--68fedc3e_19facce1572_-5e2c,Maritime,Agoè-Nyivé,Agoè-Nyivé 5,Sanguera,Zopomahe,Institut Technique Privee Laique les Victorieux,23 BP 123 - Lomé,"{jeudi,Vendredi,Samedi,Dimanche,Mercredi,Mardi,Lundi}",2014,Prive - entreprise,{Construit et Utilise},Formation Professionnelle autre,{WCs},Non,POINT (1.1321273746394713 6.233744141874236),1.1321273746394713,6.233744141874236,2014.0,Maritime,Formation Professionnelle autre,Prive - entreprise,Institut Technique Privee Laique les Victorieux
_mview_formationtech_etablissements_formation_technique.fid--68fedc3e_19facce1572_-5e2b,Maritime,Golfe,Golfe 1,Bè-Est,Kegue,Institut Technique Dino Golo,BP 10295,"{Lundi,Mardi,Mercredi,jeudi,Vendredi}",2008,Prive - entreprise,{Construit et Utilise},Formation Professionnelle autre,"{Latrines a eau,Pissotieres}",Non,POINT (1.2379210055906513 6.208446348535124),1.2379210055906513,6.208446348535124,2008.0,Maritime,Formation Professionnelle autre,Prive - entreprise,Institut Technique Dino Golo
_mview_formationtech_etablissements_formation_technique.fid--68fedc3e_19facce1572_-5e2a,Maritime,Golfe,Golfe 7,Aflao-Sagbado,Sagbado Agotime,Institut Technique le Semeur Divin Sagbado,"Formation Technique le Semeur Divin Sagbado, Sagbado","{Lundi,Mardi,Mercredi,jeudi,Vendredi}",2017,Prive - individuel,{Construit et Utilise},Formation Professionnelle autre,{Latrines a eau},Non,POINT (1.1362561265871585 6.1800796863949286),1.1362561265871585,6.1800796863949286,2017.0,Maritime,Formation Professionnelle autre,Prive - individuel,Institut Technique le Semeur Divin Sagbado
_mview_formationtech_etablissements_formation_technique.fid--68fedc3e_19facce1572_-5e29,Maritime,Golfe,Golfe 1,Bè-Est,Kanyikope,College Technique le Revelateur des Talents Lycée,BP 2928,"{Lundi,Mardi,Mercredi,jeudi}",2006,Prive - individuel,{Construit et Utilise},Formation Professionnelle autre,{Latrines a eau},Non,POINT (1.2962235827782578 6.164833353509746),1.2962235827782578,6.164833353509746,2006.0,Maritime,Formation Professionnelle autre,Prive - individuel,College Technique le Revelateur des Talents Lycée
_mview_formationtech_etablissements_formation_technique.fid--68fedc3e_19facce1572_-5e28,Maritime,Agoè-Nyivé,Agoè-Nyivé 5,Sanguera,Atikankope,Complexe Scolaire les Lumieres,"Cs Les Lumieres, Sanguera","{Lundi,Mardi,Mercredi,jeudi,Vendredi}",2015,Nsp,{Construit et Utilise},Formation Professionnelle autre,Nsp,Non,POINT (1.1232316593856786 6.229757385123483),1.1232316593856786,6.229757385123483,2015.0,Maritime,Formation Professionnelle autre,Nsp,Complexe Scolaire les Lumieres
_mview_formationtech_etablissements_formation_technique.fid--68fedc3e_19facce1572_-5e27,Maritime,Agoè-Nyivé,Agoè-Nyivé 1,Agoè-Nyivé,Sogbossito,Lycée Technique La Clemence Divine,"Glycee Technique la Clemence Divine, Agoe Nyive","{Lundi,Mardi,Mercredi,jeudi,Vendredi}",2005,Prive - individuel,{Construit et Utilise},CAP,{WCs},Non,POINT (1.178882862508754 6.2416004925752),1.178882862508754,6.2416004925752,2005.0,Maritime,CAP,Prive - individuel,Lycée Technique La Clemence Divine
_mview_formationtech_etablissements_formation_technique.fid--68fedc3e_19facce1572_-5e26,Maritime,Golfe,Golfe 7,Aflao-Sagbado,Apedokoe,Institut Polytechnique du Golfe,"Institut Polytechnique du Golfe, Aflao Sagbado","{Vendredi,jeudi,Mercredi,Mardi,Lundi}",2005,Prive - individuel,{Construit et Utilise},Formation Professionnelle autre,{WCs},Non,POINT (1.1456253763531616 6.202656359808167),1.1456253763531616,6.202656359808167,2005.0,Maritime,Formation Professionnelle autre,Prive - individuel,Institut Polytechnique du Golfe
_mview_formationtech_etablissements_formation_technique.fid--68fedc3e_19facce1572_-5e25,Maritime,Golfe,Golfe 2,Bè-Centre,Hedzranavoe,Institut Technique le Reveil D'Or,"Institut Technique le Reveil D'Or, Amoutieve","{Lundi,Mardi,Mercredi,jeudi,Vendredi}",2003,Prive - individuel,{Construit et Utilise},CAP,{WCs},Non,POINT (1.2475486405888374 6.198307627343856),1.2475486405888374,6.198307627343856,2003.0,Maritime,CAP,Prive - individuel,Institut Technique le Reveil D'Or
_mview_formationtech_etablissements_formation_technique.fid--68fedc3e_19facce1572_-5e24,Maritime,Golfe,Golfe 3,Bè-Ouest,Lome Forever,Centre de Formation Professionnelle Hotelière Ancilla,555 avenue des kondona,"{Lundi,Mardi,Mercredi,jeudi,Vendredi}",1999,autre,{Construit et Utilise},Formation Professionnelle autre,"{WCs,Latrines a eau,Douches}",Non,POINT (1.2309247104495866 6.161124128853013),1.2309247104495866,6.161124128853013,1999.0,Maritime,Formation Professionnelle autre,autre,Centre de Formation Professionnelle Hotelière Ancilla
_mview_formationtech_etablissements_formation_technique.fid--68fedc3e_19facce1572_-5e23,Maritime,Golfe,Golfe 1,Bè-Est,Kpota,IETFPg la Plenitude Lycée,11 BP 238,"{Lundi,Mardi,Mercredi,jeudi,Vendredi}",2012,Prive - individuel,{Construit et Utilise},Formation Professionnelle autre,{Latrines a eau},Non,POINT (1.2564230133171577 6.159679000120811),1.2564230133171577,6.159679000120811,2012.0,Maritime,Formation Professionnelle autre,Prive - individuel,IETFPg la Plenitude Lycée
_mview_formationtech_etablissements_formation_technique.fid--68fedc3e_19facce1572_-5e22,Maritime,Golfe,Golfe 2,Bè-Centre,Attiegou,Institut Technique Nouvelle Vision,"It Nouvelle Vision, Be-Centre","{Lundi,Mardi,Mercredi,jeudi,Vendredi}",2010,Prive - individuel,{En construction},Formation Professionnelle autre,Nsp,Non,POINT (1.258400173990558 6.20080959265813),1.258400173990558,6.20080959265813,2010.0,Maritime,Formation Professionnelle autre,Prive - individuel,Institut Technique Nouvelle Vision
_mview_formationtech_etablissements_formation_technique.fid--68fedc3e_19facce1572_-5e21,Maritime,Golfe,Golfe 2,Bè-Centre,Kegue,Nouvelle Institution de Comptabilité Africaine (Nica),BP 2123,"{Lundi,Mardi,Mercredi,jeudi,Vendredi}",2000,Prive - individuel,{Construit et Utilise},Formation Professionnelle autre,{WCs},Non,POINT (1.2426197317565488 6.201332793347559),1.2426197317565488,6.201332793347559,2000.0,Maritime,Formation Professionnelle autre,Prive - individuel,Nouvelle Institution de Comptabilité Africaine (Nica)
_mview_formationtech_etablissements_formation_technique.fid--68fedc3e_19facce1572_-5e20,Maritime,Golfe,Golfe 2,Bè-Centre,Attiègou,Lycée d'Enseignement Technique et Professionnel d'Attiegou,"LETP Attiegou, Be","{Lundi,Mardi,Mercredi,jeudi,Vendredi}",2007,Domaine public de l'etat ou des collectivites territoriales,{Construit et Utilise},Formation Professionnelle autre,{Latrines a eau},Oui,POINT (1.2588440143612523 6.19658276225689),1.2588440143612523,6.19658276225689,2007.0,Maritime,Formation Professionnelle autre,Domaine public de l'etat ou des collectivites territoriales,Lycée d'Enseignement Technique et Professionnel d'Attiegou
_mview_formationtech_etablissements_formation_technique.fid--68fedc3e_19facce1572_-5e1f,Maritime,Golfe,Golfe 5,Aflao-Gakli,Adidogome,Centre d'Etudes et de Formation Professionnelles (CEFOP) Asa,BP 7838,"{Lundi,Mardi,Mercredi,jeudi,Vendredi}",1996,Prive - individuel,{Construit et Utilise},Formation Professionnelle autre,Nsp,Nsp,POINT (1.1678811957014386 6.191622501696184),1.1678811957014386,6.191622501696184,1996.0,Maritime,Formation Professionnelle autre,Prive - individuel,Centre d'Etudes et de Formation Professionnelles (CEFOP) Asa
_mview_formationtech_etablissements_formation_technique.fid--68fedc3e_19facce1572_-5e1e,Maritime,Agoè-Nyivé,Agoè-Nyivé 2,Légbassito,Madikpeto,institut Polyvalent Laïc les Dinosaures,"IPL les Dinosaures, Legbassito","{Lundi,Mardi,Mercredi,jeudi,Vendredi}",2020,Prive - individuel,{Construit et Utilise},Formation Professionnelle autre,{WCs},Non,POINT (1.1401896687546131 6.263683607776947),1.1401896687546131,6.263683607776947,2020.0,Maritime,Formation Professionnelle autre,Prive - individuel,institut Polyvalent Laïc les Dinosaures
_mview_formationtech_etablissements_formation_technique.fid--68fedc3e_19facce1572_-5e1d,Maritime,Golfe,Golfe 1,Bè-Est,Akodessewa,Centre d'Apprentissage Maria - Auxilliadora,BP 304 Bé,"{Lundi,Mardi,Mercredi,jeudi,Vendredi}",1989,Prive - individuel,{Construit et Utilise},CAP,{WCs},Oui,POINT (1.2674356609017046 6.147806849617014),1.2674356609017046,6.147806849617014,1989.0,Maritime,CAP,Prive - individuel,Centre d'Apprentissage Maria - Auxilliadora
_mview_formationtech_etablissements_formation_technique.fid--68fedc3e_19facce1572_-5e1c,Maritime,Golfe,Golfe 1,Bè-Est,Ablogame ( Requins Place N 1),USTI Lomé,BP 3596,"{Lundi,Mardi,Mercredi,jeudi,Vendredi}",2000,Prive - individuel,{Inacheve},CAP,{WCs},Non,POINT (1.2587313342773665 6.141353337050141),1.2587313342773665,6.141353337050141,2000.0,Maritime,CAP,Prive - individuel,USTI Lomé
_mview_formationtech_etablissements_formation_technique.fid--68fedc3e_19facce1572_-5e1b,Maritime,Golfe,Golfe 1,Bè-Est,Agoe Nyvie,Institut Technique et Commercial Sainte Monique,16 BP344,"{Lundi,Mardi,Mercredi,jeudi,Vendredi}",2006,Prive - individuel,{Construit et Utilise},Formation Professionnelle autre,{Latrines a eau},Non,POINT (1.2379116666666663 6.212906743362116),1.2379116666666663,6.212906743362116,2006.0,Maritime,Formation Professionnelle autre,Prive - individuel,Institut Technique et Commercial Sainte Monique
_mview_formationtech_etablissements_formation_technique.fid--68fedc3e_19facce1572_-5e1a,Maritime,Golfe,Golfe 5,Aflao-Gakli,Adidogome,Lycée d'Enseignement Technique et Professionnel de Lome,BP 1337 Lomé,"{Lundi,Mardi,Mercredi,jeudi,Vendredi}",1977,Domaine public de l'etat ou des collectivites territoriales,{Construit et Utilise},Formation Professionnelle autre,{Latrines a eau},Oui,POINT (1.161554217107063 6.1913455411761),1.161554217107063,6.1913455411761,1977.0,Maritime,Formation Professionnelle autre,Domaine public de l'etat ou des collectivites territoriales,Lycée d'Enseignement Technique et Professionnel de Lome
_mview_formationtech_etablissements_formation_technique.fid--68fedc3e_19facce1572_-5e19,Maritime,Golfe,Golfe 2,Bè-Centre,Attiegou,Institut Technique Jesus le Bon Berger,"It Jesus le Bon Berger, Be-Centre","{Lundi,Mardi,Mercredi,jeudi,Vendredi}",Nsp,Prive - individuel,{Construit et Utilise},Formation Professionnelle autre,Nsp,Non,POINT (1.2645836293942383 6.197907860578614),1.2645836293942383,6.197907860578614,,Maritime,Formation Professionnelle autre,Prive - individuel,Institut Technique Jesus le Bon Berger
_mview_formationtech_etablissements_formation_technique.fid--68fedc3e_19facce1572_-5e18,Maritime,Golfe,Golfe 1,Bè-Est,Attiegou,Institut Agla etoile du Matin Lycée Technique,"Institut Agla etoile du Matin Lycee Technique, Be","{Lundi,Mardi,Mercredi,jeudi,Vendredi}",2018,Prive - individuel,{Construit et Utilise},Formation Professionnelle autre,Nsp,Oui,POINT (1.273281037371682 6.17877995618378),1.273281037371682,6.17877995618378,2018.0,Maritime,Formation Professionnelle autre,Prive - individuel,Institut Agla etoile du Matin Lycée Technique
_mview_formationtech_etablissements_formation_technique.fid--68fedc3e_19facce1572_-5e17,Maritime,Golfe,Golfe 1,Bè-Est,Attiegou,Complexe Scolaire Edison Lycée Technique,"Cs Edison Lycee Technique, Be","{Lundi,Mardi,Mercredi,jeudi,Vendredi}",2012,Prive - individuel,{Construit et Utilise},Formation Professionnelle autre,{Latrines a eau},Non,POINT (1.2724150568321022 6.178967263345439),1.2724150568321022,6.178967263345439,2012.0,Maritime,Formation Professionnelle autre,Prive - individuel,Complexe Scolaire Edison Lycée Technique
_mview_formationtech_etablissements_formation_technique.fid--68fedc3e_19facce1572_-5e16,Maritime,Golfe,Golfe 1,Bè-Est,Kegue,Institut Technique Blessing,"It Blessing, Agoe Nyvie","{Lundi,Mardi,Mercredi,jeudi,Vendredi}",2016,Prive - individuel,{En construction},BTS,{Latrines a eau},Non,POINT (1.24114417179209 6.220359322419128),1.24114417179209,6.220359322419128,2016.0,Maritime,BTS,Prive - individuel,Institut Technique Blessing
_mview_formationtech_etablissements_formation_technique.fid--68fedc3e_19facce1572_-5e15,Maritime,Golfe,Golfe 7,Aflao-Sagbado,Segbe Zanvi,Institut Technique la Grande Royale Lycée,"It la Grande Royale Lycee, Aflao Sagbado","{Lundi,Mardi,Mercredi,jeudi,Vendredi}",2013,Prive - individuel,{Construit et Utilise},Formation Professionnelle autre,"{WCs,Latrines a eau}",Non,POINT (1.1207333220785816 6.197521780922631),1.1207333220785816,6.197521780922631,2013.0,Maritime,Formation Professionnelle autre,Prive - individuel,Institut Technique la Grande Royale Lycée
_mview_formationtech_etablissements_formation_technique.fid--68fedc3e_19facce1572_-5e14,Maritime,Golfe,Golfe 1,Bè-Est,Kpota,Institut Technique et Commercial Amou Fred Lycée,"Itec Amou-Fred Lycee, Be","{Lundi,Mardi,Mercredi,jeudi,Vendredi}",2016,Prive - individuel,{Construit et Utilise},Formation Professionnelle autre,{WCs},Non,POINT (1.261605005996565 6.164817180783547),1.261605005996565,6.164817180783547,2016.0,Maritime,Formation Professionnelle autre,Prive - individuel,Institut Technique et Commercial Amou Fred Lycée
_mview_formationtech_etablissements_formation_technique.fid--68fedc3e_19facce1572_-5e13,Maritime,Golfe,Golfe 4,Amoutivé,Casablanca,Centre d'Etudes Techniques et Commerciales (CETEC),01 BP 2390,"{Lundi,Mardi,Mercredi,jeudi,Vendredi}",1971,Prive - individuel,{Construit et Utilise},Formation Professionnelle autre,"{WCs,Douches}",Non,POINT (1.2000345449261127 6.154880233052323),1.2000345449261127,6.154880233052323,1971.0,Maritime,Formation Professionnelle autre,Prive - individuel,Centre d'Etudes Techniques et Commerciales (CETEC)
_mview_formationtech_etablissements_formation_technique.fid--68fedc3e_19facce1572_-5e12,Maritime,Golfe,Golfe 2,Bè-Centre,Nukafui,Institut des Sciences Commerciales,BP 1405,"{Lundi,Mardi,Mercredi,jeudi,Vendredi}",1977,Prive - individuel,{Construit et Utilise},Formation Professionnelle autre,{Latrines a eau},Non,POINT (1.2411883333333336 6.153980000000001),1.2411883333333336,6.153980000000001,1977.0,Maritime,Formation Professionnelle autre,Prive - individuel,Institut des Sciences Commerciales
_mview_formationtech_etablissements_formation_technique.fid--68fedc3e_19facce1572_-5e11,Maritime,Golfe,Golfe 1,Bè-Est,Be-sousanedime,Centre de Formation Academique et Professionnelle,06 BP 62419,"{Lundi,Mardi,Mercredi,jeudi,Vendredi}",2011,Prive - individuel,{Construit et Utilise},Formation Professionnelle autre,{Latrines a eau},Non,POINT (1.2458033333333336 6.13949),1.2458033333333336,6.13949,2011.0,Maritime,Formation Professionnelle autre,Prive - individuel,Centre de Formation Academique et Professionnelle
_mview_formationtech_etablissements_formation_technique.fid--68fedc3e_19facce1572_-5e10,Maritime,Golfe,Golfe 5,Aflao-Gakli,Adidogome,Institut Supérieur le Technocrate,04 BP94,"{Lundi,Mardi,Mercredi,jeudi,Vendredi}",1992,Prive - individuel,{Construit et Utilise},Formation Professionnelle autre,{Latrines a eau},Non,POINT (1.170868587524907 6.183629411880674),1.170868587524907,6.183629411880674,1992.0,Maritime,Formation Professionnelle autre,Prive - individuel,Institut Supérieur le Technocrate
_mview_formationtech_etablissements_formation_technique.fid--68fedc3e_19facce1572_-5e0f,Maritime,Golfe,Golfe 3,Bè-Ouest,N/a,Institut Technique et Commercial Saint Sauveur,"Institut Technique Commerciale Saint Sauveur, Amoutive","{""jeudi"",""Lundi"",""Mardi"",""Mercredi"",""Vendredi""}",Nsp,N/a,Nsp,Nsp,Nsp,Nsp,POINT (1.2044954373456291 6.159093441247918),1.2044954373456291,6.159093441247918,,Maritime,Nsp,N/a,Institut Technique et Commercial Saint Sauveur
_mview_formationtech_etablissements_formation_technique.fid--68fedc3e_19facce1572_-5e0e,Maritime,Golfe,Golfe 1,Bè-Est,Adakpame Dabada Condji,Complexe Scolaire Item Adakpame Lycée Technique,"Cs Item Adakpame Lycee Technique, Be","{Lundi,Mardi,Mercredi,jeudi,Vendredi}",2008,Prive - individuel,{Construit et Utilise},Formation Professionnelle autre,{WCs},Non,POINT (1.280712450307813 6.1778796247680425),1.280712450307813,6.1778796247680425,2008.0,Maritime,Formation Professionnelle autre,Prive - individuel,Complexe Scolaire Item Adakpame Lycée Technique
_mview_formationtech_etablissements_formation_technique.fid--68fedc3e_19facce1572_-5e0d,Maritime,Golfe,Golfe 6,Baguida,Adamavo,Complexe Scolaire Eureka Adamavo Lycée Technique,BP 60582,"{Lundi,Mardi,Mercredi,jeudi,Vendredi}",2001,Prive - individuel,{Construit et Utilise},Formation Professionnelle autre,{Latrines a eau},Non,POINT (1.3097633333333332 6.177028333333334),1.3097633333333332,6.177028333333334,2001.0,Maritime,Formation Professionnelle autre,Prive - individuel,Complexe Scolaire Eureka Adamavo Lycée Technique
_mview_formationtech_etablissements_formation_technique.fid--68fedc3e_19facce1572_-5e0c,Maritime,Golfe,Golfe 7,Aflao-Sagbado,Adidogome Gblinkomegan,Centre de Formation Professionnelle ONG Amept,BP 80 207,"{Lundi,Mardi,Mercredi,jeudi,Vendredi}",1999,Domaine public de l'etat ou des collectivites territoriales,{Construit et Utilise},Formation Professionnelle autre,{Latrines seches},Non,POINT (1.1581010771785276 6.183131826645879),1.1581010771785276,6.183131826645879,1999.0,Maritime,Formation Professionnelle autre,Domaine public de l'etat ou des collectivites territoriales,Centre de Formation Professionnelle ONG Amept
_mview_formationtech_etablissements_formation_technique.fid--68fedc3e_19facce1572_-5e0b,Maritime,Golfe,Golfe 2,Bè-Centre,Hedzranawoe,Ecole Supérieure du Torousime et d'Hotellerie Stella Matutina,BP 60180,"{Lundi,Mardi,Mercredi,jeudi,Vendredi}",2005,Prive - individuel,{Construit et Utilise},Formation Professionnelle autre,{Latrines a eau},Non,POINT (1.2394988324141256 6.178306788405852),1.2394988324141256,6.178306788405852,2005.0,Maritime,Formation Professionnelle autre,Prive - individuel,Ecole Supérieure du Torousime et d'Hotellerie Stella Matutina
_mview_formationtech_etablissements_formation_technique.fid--68fedc3e_19facce1572_-5e0a,Plateaux,Kpélé,Kpélé 1,Kpélé-Govié,Govie,Centre de Formation Technique et Professionnelle de Kpele Govie,"Cftp Kpele Govie, Govie","{Lundi,Mardi,Mercredi,jeudi,Vendredi}",1999,Domaine public de l'etat ou des collectivites territoriales,{Construit et Utilise},CAP,Nsp,Non,POINT (0.7358049999999996 7.153153333333336),0.7358049999999996,7.153153333333336,1999.0,Plateaux,CAP,Domaine public de l'etat ou des collectivites territoriales,Centre de Formation Technique et Professionnelle de Kpele Govie
_mview_formationtech_etablissements_formation_technique.fid--68fedc3e_19facce1572_-5e09,Maritime,Agoè-Nyivé,Agoè-Nyivé 1,Agoè-Nyivé,Gnamassignan,Complexe Scolaire la Croyance Lycée Technique,"Non loin du lycée de Sogbossito, Agoé Nyive","{Lundi,Mardi,Mercredi,jeudi,Vendredi}",2017,autre,{Construit et Utilise},Formation Professionnelle autre,{WCs},Non,POINT (1.1784483333333333 6.256113333333333),1.1784483333333333,6.256113333333333,2017.0,Maritime,Formation Professionnelle autre,autre,Complexe Scolaire la Croyance Lycée Technique
_mview_formationtech_etablissements_formation_technique.fid--68fedc3e_19facce1572_-5e08,Maritime,Agoè-Nyivé,Agoè-Nyivé 5,Sanguera,Vogome,Institut Polytechnique du Golfe Zanguera,04 BP94 - Lomé,"{Lundi,Mardi,Mercredi,jeudi,Vendredi}",2016,Prive - individuel,{Construit et Utilise},Formation Professionnelle autre,Nsp,Non,POINT (1.1095641523747954 6.231672183166394),1.1095641523747954,6.231672183166394,2016.0,Maritime,Formation Professionnelle autre,Prive - individuel,Institut Polytechnique du Golfe Zanguera
_mview_formationtech_etablissements_formation_technique.fid--68fedc3e_19facce1572_-5e07,Maritime,Agoè-Nyivé,Agoè-Nyivé 1,Agoè-Nyivé,Minamadou,ONG United We Stand,"Station Minamadou 2, Agoe Assiyeye, Lomé","{Lundi,Mardi,Mercredi,jeudi,Vendredi}",2016,Prive - individuel,{Construit et Utilise},Formation Professionnelle autre,Nsp,Non,POINT (1.19207324641745 6.224618511111613),1.19207324641745,6.224618511111613,2016.0,Maritime,Formation Professionnelle autre,Prive - individuel,ONG United We Stand
_mview_formationtech_etablissements_formation_technique.fid--68fedc3e_19facce1572_-5e06,Maritime,Agoè-Nyivé,Agoè-Nyivé 1,Agoè-Nyivé,Logope,Centre de Formation Hôtelière du Service traiteur Agbemegno,06 BP 195 - Lomé,"{Lundi,Mardi,Mercredi,jeudi,Vendredi,Samedi,Dimanche}",2005,Prive - individuel,{Construit et Utilise},Formation Professionnelle autre,{WCs},Non,POINT (1.1792035131151182 6.230562923671664),1.1792035131151182,6.230562923671664,2005.0,Maritime,Formation Professionnelle autre,Prive - individuel,Centre de Formation Hôtelière du Service traiteur Agbemegno
_mview_formationtech_etablissements_formation_technique.fid--68fedc3e_19facce1572_-5e05,Maritime,Golfe,Golfe 7,Aflao-Sagbado,Wougome Dekpo,Institut Technique Regard Miséricordieux de Dieu,"It Regard Miséricordieux de Dieu, Aflao Sagbado","{Lundi,Mardi,Mercredi,jeudi,Vendredi}",2017,Prive - individuel,{Construit et Utilise},Formation Professionnelle autre,Nsp,Non,POINT (1.108489126344069 6.2188414674098516),1.108489126344069,6.2188414674098516,2017.0,Maritime,Formation Professionnelle autre,Prive - individuel,Institut Technique Regard Miséricordieux de Dieu
_mview_formationtech_etablissements_formation_technique.fid--68fedc3e_19facce1572_-5e04,Maritime,Agoè-Nyivé,Agoè-Nyivé 1,Agoè-Nyivé,Demakpoe,Centre de Formation Professionnelle et Hotelière La Pigeonnette,"Cfph La Pigeonnette, Agoe Nyive","{Lundi,Mardi,Mercredi,jeudi,Vendredi}",2002,Prive - individuel,{Construit et Utilise},Formation Professionnelle autre,{WCs},Non,POINT (1.2018052725055108 6.236202717875156),1.2018052725055108,6.236202717875156,2002.0,Maritime,Formation Professionnelle autre,Prive - individuel,Centre de Formation Professionnelle et Hotelière La Pigeonnette
_mview_formationtech_etablissements_formation_technique.fid--68fedc3e_19facce1572_-5e03,Maritime,Golfe,Golfe 7,Aflao-Sagbado,Wonyome,Institut Africain le Leadership,"It Africain le Leadership, Aflao Sagbado","{Lundi,Mardi,Mercredi,jeudi,Vendredi}",2006,Prive - individuel,{Construit et Utilise},BTS,{WCs},Non,POINT (1.1552410236954378 6.192488756112211),1.1552410236954378,6.192488756112211,2006.0,Maritime,BTS,Prive - individuel,Institut Africain le Leadership
_mview_formationtech_etablissements_formation_technique.fid--68fedc3e_19facce1572_-5e02,Maritime,Golfe,Golfe 5,Aflao-Gakli,Wessome,Institut de Formation en Alternance pour le Développement (IFAD) - Bâtiment,"IFAD Batiment, Aflao-Gakli","{Lundi,Mardi,Mercredi,jeudi,Vendredi}",2021,Domaine public de l'etat ou des collectivites territoriales,{En construction},Formation Professionnelle autre,"{WCs,autre}",Oui,POINT (1.165328944618766 6.190516738024905),1.165328944618766,6.190516738024905,2021.0,Maritime,Formation Professionnelle autre,Domaine public de l'etat ou des collectivites territoriales,Institut de Formation en Alternance pour le Développement (IFAD) - Bâtiment
_mview_formationtech_etablissements_formation_technique.fid--68fedc3e_19facce1572_-5e01,Maritime,Agoè-Nyivé,Agoè-Nyivé 5,Sanguera,Sanguera,IFAP Annexe,15 BP 370,"{Lundi,Mardi,Mercredi,jeudi,Vendredi}",2019,Prive - individuel,{Construit et Utilise},Formation Professionnelle autre,Nsp,Non,POINT (1.1163137335027176 6.231001599799953),1.1163137335027176,6.231001599799953,2019.0,Maritime,Formation Professionnelle autre,Prive - individuel,IFAP Annexe
_mview_formationtech_etablissements_formation_technique.fid--68fedc3e_19facce1572_-5e00,Maritime,Golfe,Golfe 7,Aflao-Sagbado,Adidogome,Hotel Ecole Carrington,"Hotel Ecole Carrington, Aflao-Gakli","{Lundi,Mardi,Mercredi,jeudi,Vendredi}",2007,Prive - entreprise,{Construit et Utilise},Formation Professionnelle autre,{WCs},Non,POINT (1.1639949999999994 6.181653333333332),1.1639949999999994,6.181653333333332,2007.0,Maritime,Formation Professionnelle autre,Prive - entreprise,Hotel Ecole Carrington
_mview_formationtech_etablissements_formation_technique.fid--68fedc3e_19facce1572_-5dff,Maritime,Golfe,Golfe 2,Bè-Centre,Noukafou,Cerfer du Conseil de L Entente,"01 BP 1369 - 1704,Bd de la paix, Lomé","{Lundi,Mardi,jeudi,Mercredi,Vendredi}",1970,Domaine public de l'etat ou des collectivites territoriales,{Construit et Utilise},Formation Professionnelle autre,{Latrines a eau},Non,POINT (1.242954038676502 6.156608659544977),1.242954038676502,6.156608659544977,1970.0,Maritime,Formation Professionnelle autre,Domaine public de l'etat ou des collectivites territoriales,Cerfer du Conseil de L Entente
_mview_formationtech_etablissements_formation_technique.fid--68fedc3e_19facce1572_-5dfe,Maritime,Golfe,Golfe 5,Aflao-Gakli,Adidogome,Hôtel École Concordia,"Hôtel École Concordia, Aflao Gakli","{Lundi,Mardi,Mercredi,jeudi,Vendredi}",Nsp,Prive - individuel,{Construit et Utilise},Formation Professionnelle autre,{WCs},Non,POINT (1.1511058741533915 6.197940876227048),1.1511058741533915,6.197940876227048,,Maritime,Formation Professionnelle autre,Prive - individuel,Hôtel École Concordia
_mview_formationtech_etablissements_formation_technique.fid--68fedc3e_19facce1572_-5dfd,Maritime,Agoè-Nyivé,Agoè-Nyivé 1,Agoè-Nyivé,Avédji,Ecole de Couture Style Tahiti,"Ecole de Couture Style Tahiti, Aflao Gakli","{Lundi,Mardi,Mercredi,jeudi,Vendredi}",2016,Prive - individuel,{Construit et Utilise},Formation Professionnelle autre,"{WCs,Douches}",Non,POINT (1.1825387866008525 6.205681658848832),1.1825387866008525,6.205681658848832,2016.0,Maritime,Formation Professionnelle autre,Prive - individuel,Ecole de Couture Style Tahiti
_mview_formationtech_etablissements_formation_technique.fid--68fedc3e_19facce1572_-5dfc,Maritime,Golfe,Golfe 6,Baguida,Yovokomé,Patisserie la Manne Doree,"Patisserie La Manne Doree, Baguida","{Lundi,Mardi,Mercredi,jeudi,Vendredi}",2020,Prive - individuel,{En construction},Formation Professionnelle autre,Nsp,Non,POINT (1.3305142119139017 6.170967603360164),1.3305142119139017,6.170967603360164,2020.0,Maritime,Formation Professionnelle autre,Prive - individuel,Patisserie la Manne Doree
_mview_formationtech_etablissements_formation_technique.fid--68fedc3e_19facce1572_-5dfb,Maritime,Golfe,Golfe 1,Bè-Est,Souza Netime,Hotel Ecole Avenida,"Hotel Ecole Avenida, Be-Est","{Lundi,Mardi,Mercredi,jeudi,Vendredi}",1984,Prive - entreprise,{Construit et Utilise},Formation Professionnelle autre,{WCs},Non,POINT (1.2387439311753747 6.132590518904236),1.2387439311753747,6.132590518904236,1984.0,Maritime,Formation Professionnelle autre,Prive - entreprise,Hotel Ecole Avenida
_mview_formationtech_etablissements_formation_technique.fid--68fedc3e_19facce1572_-5dfa,Maritime,Golfe,Golfe 6,Baguida,Baguida,Ecole de Couture et de Coupe Yesmaol Design,"Ecole de Coupe, de Couture et de Perfectionnement, Baguida","{Lundi,Mardi,Mercredi,jeudi,Vendredi}",2017,Prive - individuel,{Construit et Utilise},Formation Professionnelle autre,{WCs},Non,POINT (1.3335875622216393 6.170212299196357),1.3335875622216393,6.170212299196357,2017.0,Maritime,Formation Professionnelle autre,Prive - individuel,Ecole de Couture et de Coupe Yesmaol Design
_mview_formationtech_etablissements_formation_technique.fid--68fedc3e_19facce1572_-5df9,Maritime,Golfe,Golfe 4,Amoutivé,Kodjoviakope,Institut de Formation Bancaire Credo,BP 13604,"{Lundi,Mardi,Mercredi,jeudi,Vendredi,Samedi,Dimanche}",2003,Prive - individuel,{Construit et Utilise},Formation Professionnelle autre,Nsp,Non,POINT (1.2058562507167023 6.122456099842378),1.2058562507167023,6.122456099842378,2003.0,Maritime,Formation Professionnelle autre,Prive - individuel,Institut de Formation Bancaire Credo
_mview_formationtech_etablissements_formation_technique.fid--68fedc3e_19facce1572_-5df8,Maritime,Golfe,Golfe 5,Aflao-Gakli,Wonyome,Complexe Scolaire la Renovation,BP 6065,"{Lundi,Mardi,Mercredi,jeudi,Vendredi}",Nsp,Prive - individuel,{Construit et Utilise},Formation Professionnelle autre,{WCs},Non,POINT (1.1597789433008565 6.190809052501053),1.1597789433008565,6.190809052501053,,Maritime,Formation Professionnelle autre,Prive - individuel,Complexe Scolaire la Renovation
_mview_formationtech_etablissements_formation_technique.fid--68fedc3e_19facce1572_-5df7,Maritime,Golfe,Golfe 2,Bè-Centre,Aéroport,ESAMOD,BP 60434,"{Lundi,Mardi,Mercredi,jeudi,Vendredi}",1993,Prive - individuel,{Construit et Utilise},Formation Professionnelle autre,{WCs},Non,POINT (1.2399104670574812 6.158453492760486),1.2399104670574812,6.158453492760486,1993.0,Maritime,Formation Professionnelle autre,Prive - individuel,ESAMOD
_mview_formationtech_etablissements_formation_technique.fid--68fedc3e_19facce1572_-5df6,Maritime,Golfe,Golfe 4,Amoutivé,Tokoin,Institut de Coupe Chris de Mens,BP 7201,"{Lundi,Mardi,Mercredi,jeudi,Vendredi}",2012,Prive - individuel,{Construit et Utilise},CAP,Nsp,Non,POINT (1.2032893145536996 6.144153614499789),1.2032893145536996,6.144153614499789,2012.0,Maritime,CAP,Prive - individuel,Institut de Coupe Chris de Mens
_mview_formationtech_etablissements_formation_technique.fid--68fedc3e_19facce1572_-5df5,Maritime,Golfe,Golfe 6,Baguida,Baguida,Centre d'Apprentissage Sainte Marguerite (CASM),01 BP 3481 - Lomé,"{Lundi,Mardi,Mercredi,jeudi,Vendredi}",2000,Prive - individuel,{Construit et Utilise},Formation Professionnelle autre,"{WCs,Douches}",Non,POINT (1.3262099999999997 6.177616666666668),1.3262099999999997,6.177616666666668,2000.0,Maritime,Formation Professionnelle autre,Prive - individuel,Centre d'Apprentissage Sainte Marguerite (CASM)
_mview_formationtech_etablissements_formation_technique.fid--68fedc3e_19facce1572_-5df4,Maritime,Agoè-Nyivé,Agoè-Nyivé 1,Agoè-Nyivé,Cacaveli,Hôtel-Ecole la Savoureuse,BP 31028,"{Lundi,Mardi,Mercredi,Vendredi,jeudi}",2013,Prive - individuel,{Construit et Utilise},Formation Professionnelle autre,{WCs},Non,POINT (1.2082238586541718 6.213808929659525),1.2082238586541718,6.213808929659525,2013.0,Maritime,Formation Professionnelle autre,Prive - individuel,Hôtel-Ecole la Savoureuse
_mview_formationtech_etablissements_formation_technique.fid--68fedc3e_19facce1572_-5df3,Maritime,Golfe,Golfe 5,Aflao-Gakli,Didjole,Ecole Supérieure des Etudes Cinématographiques (ESEC),BP 326 Lomé,"{Lundi,Mardi,Mercredi,jeudi,Vendredi}",2006,autre,{Construit et Utilise},Formation Professionnelle autre,{WCs},Non,POINT (1.1950401914369846 6.18234853122998),1.1950401914369846,6.18234853122998,2006.0,Maritime,Formation Professionnelle autre,autre,Ecole Supérieure des Etudes Cinématographiques (ESEC)
_mview_formationtech_etablissements_formation_technique.fid--68fedc3e_19facce1572_-5df2,Maritime,Golfe,Golfe 5,Aflao-Gakli,Soviepe,Centre International de Formation Technique,"Centre International de Formation Technique, Aflao Gakli","{Lundi,Mardi,Mercredi,jeudi,Vendredi,Samedi}",1990,autre,{Construit et Utilise},Formation Professionnelle autre,"{WCs,Douches}",Non,POINT (1.1807320725520838 6.177118514580362),1.1807320725520838,6.177118514580362,1990.0,Maritime,Formation Professionnelle autre,autre,Centre International de Formation Technique
_mview_formationtech_etablissements_formation_technique.fid--68fedc3e_19facce1572_-5df1,Kara,Assoli,Assoli 1,Bafilo,Bafil Wawande,Institut Polytechnique D'Assoli,"Institut Polytechnique d'Assoli, Bafilo","{Lundi,Mardi,Mercredi,jeudi,Vendredi}",2020,Prive - individuel,{Inacheve},Formation Professionnelle autre,{Latrines seches},Oui,POINT (1.2479349999999996 9.356166666666667),1.2479349999999996,9.356166666666667,2020.0,Kara,Formation Professionnelle autre,Prive - individuel,Institut Polytechnique D'Assoli
_mview_formationtech_etablissements_formation_technique.fid--68fedc3e_19facce1572_-5df0,Maritime,Agoè-Nyivé,Agoè-Nyivé 1,Agoè-Nyivé,Agoe -logope,Institut de Formation Technologique le Conquerant,BP 89 - Lomé,"{Lundi,Mardi,Mercredi,jeudi,Vendredi}",2014,autre,{Construit et Utilise},Formation Professionnelle autre,{Latrines seches},Non,POINT (1.1710650000000007 6.234303333333335),1.1710650000000007,6.234303333333335,2014.0,Maritime,Formation Professionnelle autre,autre,Institut de Formation Technologique le Conquerant
_mview_formationtech_etablissements_formation_technique.fid--68fedc3e_19facce1572_-5def,Maritime,Agoè-Nyivé,Agoè-Nyivé 1,Agoè-Nyivé,Agoe Nyive Demakpoe,Institut Superieur de Technologie et de Management,13 BP 396,"{Lundi,Mardi,Mercredi,jeudi,Vendredi}",2011,Prive - individuel,{Construit et Utilise},Formation Professionnelle autre,"{WCs,Douches}",Non,POINT (1.197931475373286 6.2364927772519225),1.197931475373286,6.2364927772519225,2011.0,Maritime,Formation Professionnelle autre,Prive - individuel,Institut Superieur de Technologie et de Management
_mview_formationtech_etablissements_formation_technique.fid--68fedc3e_19facce1572_-5dee,Kara,Bassar,Bassar 1,Bassar,Nangbani,Centre de Formation Technique et Professionnelle de Bassar,BP 25 Bassar,"{Lundi,Mardi,Mercredi,jeudi,Vendredi}",2011,Domaine public de l'etat ou des collectivites territoriales,{Construit et Utilise},Formation Professionnelle autre,{Latrines a eau},Oui,POINT (0.801777784093465 9.262937919801919),0.801777784093465,9.262937919801919,2011.0,Kara,Formation Professionnelle autre,Domaine public de l'etat ou des collectivites territoriales,Centre de Formation Technique et Professionnelle de Bassar
_mview_formationtech_etablissements_formation_technique.fid--68fedc3e_19facce1572_-5ded,Kara,Assoli,Assoli 1,Bafilo,Bafilo,Centre de Formation Technique et Professionnelle de Bafilo,BP 22 Bafil,"{Lundi,Mardi,Mercredi,jeudi,Vendredi}",2011,Domaine public de l'etat ou des collectivites territoriales,{Construit et Utilise},Formation Professionnelle autre,{Latrines a eau},Oui,POINT (1.235358039066281 9.365974018963687),1.235358039066281,9.365974018963687,2011.0,Kara,Formation Professionnelle autre,Domaine public de l'etat ou des collectivites territoriales,Centre de Formation Technique et Professionnelle de Bafilo
_mview_formationtech_etablissements_formation_technique.fid--68fedc3e_19facce1572_-5dec,Kara,Dankpen,Dankpen 1,Guérin-Kouka,Guérin Kouka Centre,Collège d'Enseignement Technique Adam Smith CET,"Cet Adam Smith Cet, Guérin Kouka","{Lundi,Mardi,Mercredi,Vendredi,jeudi,Samedi,Dimanche}",2017,Prive - individuel,{Construit et Utilise},CAP,Nsp,Non,POINT (0.6103015337574107 9.703851798447381),0.6103015337574107,9.703851798447381,2017.0,Kara,CAP,Prive - individuel,Collège d'Enseignement Technique Adam Smith CET
_mview_formationtech_etablissements_formation_technique.fid--68fedc3e_19facce1572_-5deb,Kara,Dankpen,Dankpen 1,Guérin-Kouka,Latin,Collège d'Enseignement Technique Adam Smith LT,"Cet Adams Smith Lycee, Guerin Kouka","{Lundi,Mardi,jeudi,Mercredi,Samedi,Vendredi}",2017,Prive - individuel,{Construit et Utilise},CAP,Nsp,Oui,POINT (0.6100293493026355 9.703866166793334),0.6100293493026355,9.703866166793334,2017.0,Kara,CAP,Prive - individuel,Collège d'Enseignement Technique Adam Smith LT
_mview_formationtech_etablissements_formation_technique.fid--68fedc3e_19facce1572_-5dea,Kara,Kozah,Kozah 1,Commune De Kara,Lama Poude,Institut National de Formation et de Perfectionnement Professionnel (INFPP) - Antenne de Kara,400 BP 567,"{Lundi,Mardi,Mercredi,jeudi,Vendredi}",1978,Domaine prive de l'etat ou des collectivites territoriales,{Construit et Utilise},CAP,{WCs},Non,POINT (1.1703116666666666 9.581883333333334),1.1703116666666666,9.581883333333334,1978.0,Kara,CAP,Domaine prive de l'etat ou des collectivites territoriales,Institut National de Formation et de Perfectionnement Professionnel (INFPP) - Antenne de Kara
_mview_formationtech_etablissements_formation_technique.fid--68fedc3e_19facce1572_-5de9,Kara,Bassar,Bassar 4,Sanda-Kagbanda,Agbadibiyo,Centre de Formation Technique et Professionnelle de Sanda Kagbanda,"Cftp de Sanda Kagbanda, Sanda Kagbanda","{Lundi,Mardi,Mercredi,jeudi,Vendredi}",2015,Domaine public de l'etat ou des collectivites territoriales,{Construit et Utilise},CAP,Nsp,Oui,POINT (0.9138924506908376 9.490323838768997),0.9138924506908376,9.490323838768997,2015.0,Kara,CAP,Domaine public de l'etat ou des collectivites territoriales,Centre de Formation Technique et Professionnelle de Sanda Kagbanda
_mview_formationtech_etablissements_formation_technique.fid--68fedc3e_19facce1572_-5de8,Kara,Bassar,Bassar 1,Bassar,Wadande,Centre d'Information et d'Orientation Professionnelle de Bassar,"Lycee Technique Cifop Bassar, Bassar","{Lundi,Mardi,Mercredi,jeudi,Vendredi}",2015,Prive - individuel,{En construction},Formation Professionnelle autre,"{Latrines a eau,Douches}",Non,POINT (0.7761902529409044 9.260639585725157),0.7761902529409044,9.260639585725157,2015.0,Kara,Formation Professionnelle autre,Prive - individuel,Centre d'Information et d'Orientation Professionnelle de Bassar
_mview_formationtech_etablissements_formation_technique.fid--68fedc3e_19facce1572_-5de7,Kara,Kéran,Kéran 1,Kantè,Kante Saar,College d'Enseignement Technique de Kande,Kante,"{Lundi,Mardi,Mercredi,jeudi,Vendredi}",1976,Domaine public de l'etat ou des collectivites territoriales,{Construit et Utilise},CAP,"{WCs,Douches}",Non,POINT (1.0428103810843552 9.947731508226642),1.0428103810843552,9.947731508226642,1976.0,Kara,CAP,Domaine public de l'etat ou des collectivites territoriales,College d'Enseignement Technique de Kande
_mview_formationtech_etablissements_formation_technique.fid--68fedc3e_19facce1572_-5de6,Kara,Kozah,Kozah 1,Commune De Kara,Leota,IPVS Kara,"IPVS-Kara, Lama","{Lundi,Mardi,Mercredi,jeudi,Vendredi}",2018,Prive - individuel,{En construction},Formation Professionnelle autre,"{Latrines seches,Douches}",Non,POINT (1.1967693964021735 9.560944202188374),1.1967693964021735,9.560944202188374,2018.0,Kara,Formation Professionnelle autre,Prive - individuel,IPVS Kara
_mview_formationtech_etablissements_formation_technique.fid--68fedc3e_19facce1572_-5de5,Kara,Kozah,Kozah 2,Pya,Towouda,College d'Enseignement Technique de Pya,BP 08,"{Lundi,Mardi,Mercredi,jeudi,Vendredi}",1975,Domaine public de l'etat ou des collectivites territoriales,{Construit et Utilise},Formation Professionnelle autre,"{Latrines a eau,WCs}",Oui,POINT (1.1584118257585931 9.669970839217955),1.1584118257585931,9.669970839217955,1975.0,Kara,Formation Professionnelle autre,Domaine public de l'etat ou des collectivites territoriales,College d'Enseignement Technique de Pya
_mview_formationtech_etablissements_formation_technique.fid--68fedc3e_19facce1572_-5de4,Kara,Doufelgou,Doufelgou 1,Koka,Cantambolo,Institut Polytechnique Pere Brungard,BP 87,"{Lundi,Mardi,Mercredi,jeudi,Vendredi}",1988,Prive - individuel,{Construit et Utilise},Formation Professionnelle autre,{Latrines seches},Oui,POINT (1.1243935838618964 9.78730638648647),1.1243935838618964,9.78730638648647,1988.0,Kara,Formation Professionnelle autre,Prive - individuel,Institut Polytechnique Pere Brungard
_mview_formationtech_etablissements_formation_technique.fid--68fedc3e_19facce1572_-5de3,Kara,Kozah,Kozah 1,Commune De Kara,Chaminade,CFPMA,BP 788,"{Lundi,Mardi,Mercredi,Vendredi,jeudi}",2020,Prive - individuel,{En construction},Formation Professionnelle autre,{Latrines seches},Non,POINT (1.1883954412292639 9.554093725794685),1.1883954412292639,9.554093725794685,2020.0,Kara,Formation Professionnelle autre,Prive - individuel,CFPMA
_mview_formationtech_etablissements_formation_technique.fid--68fedc3e_19facce1572_-5de2,Kara,Kozah,Kozah 1,Commune De Kara,Poude,Centre Regional d'Enseignement Technique et de Fomation Professionnelle de Kara,BP 437,"{Lundi,Mardi,Mercredi,jeudi,Vendredi}",1994,Domaine public de l'etat ou des collectivites territoriales,{Construit et Utilise},Formation Professionnelle autre,{WCs},Oui,POINT (1.172460264011498 9.580311024258672),1.172460264011498,9.580311024258672,1994.0,Kara,Formation Professionnelle autre,Domaine public de l'etat ou des collectivites territoriales,Centre Regional d'Enseignement Technique et de Fomation Professionnelle de Kara
_mview_formationtech_etablissements_formation_technique.fid--68fedc3e_19facce1572_-5de1,Kara,Kozah,Kozah 2,Bohou,Feilga,CFTO Yade,BP 185 Yade,"{Lundi,Mardi,Mercredi,jeudi,Vendredi}",2020,Prive - individuel,{Construit et Utilise},Formation Professionnelle autre,Nsp,Non,POINT (1.1549934683059053 9.613260829408155),1.1549934683059053,9.613260829408155,2020.0,Kara,Formation Professionnelle autre,Prive - individuel,CFTO Yade
_mview_formationtech_etablissements_formation_technique.fid--68fedc3e_19facce1572_-5de0,Kara,Kéran,Kéran 1,Kantè,Kante,Lycée d'Enseignement Technique et Professionnel de Kante,"LETP, Kande","{Lundi,Mardi,Mercredi,jeudi,Vendredi}",2007,Nsp,{Construit et Utilise},Formation Professionnelle autre,{WCs},Oui,POINT (1.0290264368254176 9.967621021792477),1.0290264368254176,9.967621021792477,2007.0,Kara,Formation Professionnelle autre,Nsp,Lycée d'Enseignement Technique et Professionnel de Kante
_mview_formationtech_etablissements_formation_technique.fid--68fedc3e_19facce1572_-5ddf,Kara,Doufelgou,Doufelgou 1,Niamtougou,N/a,ONG Kipuke Outreach,"Kipuke Outreach, Niamtougou","{Lundi,Mardi,Mercredi,jeudi,Vendredi}",2017,Foncier National - terre de l'etat Non allouee,{Construit et Utilise},Formation Professionnelle autre,"{Latrines a eau,Douches}",Non,POINT (1.116485673650022 9.756219444636333),1.116485673650022,9.756219444636333,2017.0,Kara,Formation Professionnelle autre,Foncier National - terre de l'etat Non allouee,ONG Kipuke Outreach
_mview_formationtech_etablissements_formation_technique.fid--68fedc3e_19facce1572_-5dde,Plateaux,Est-Mono,Est-Mono 1,Elavagnon,Amedeka,Institut Technique Jean Jacques Rousseau,"Institut Technique Jean Jacques Rousseau, Elevagnon","{Lundi,Mardi,Mercredi,jeudi,Vendredi}",2015,Prive - individuel,{En construction},Formation Professionnelle autre,Nsp,Non,POINT (1.2893066666666664 7.96092),1.2893066666666664,7.96092,2015.0,Plateaux,Formation Professionnelle autre,Prive - individuel,Institut Technique Jean Jacques Rousseau
_mview_formationtech_etablissements_formation_technique.fid--68fedc3e_19facce1572_-5ddd,Kara,Doufelgou,Doufelgou 1,Koka,Niamtougou,Institut de Formation Agricole d'Economie Familiale et d'Administration Basante,"IFAEFA-Basante, Niamtougou","{Lundi,Mardi,Mercredi,jeudi,Vendredi}",2003,Prive - entreprise,{Construit et Utilise},Formation Professionnelle autre,"{Latrines a eau,Douches}",Non,POINT (1.118656666666667 9.790023333333332),1.118656666666667,9.790023333333332,2003.0,Kara,Formation Professionnelle autre,Prive - entreprise,Institut de Formation Agricole d'Economie Familiale et d'Administration Basante
_mview_formationtech_etablissements_formation_technique.fid--68fedc3e_19facce1572_-5ddc,Kara,Kozah,Kozah 1,Commune De Kara,Kara,Centre de Formation d'Informatique et Bureautique de Kara (CFIB Kara),"Cfib Kara, Lama","{Lundi,Mardi,Mercredi,jeudi,Vendredi}",Nsp,Nsp,{autre},Formation Professionnelle autre,Nsp,Non,POINT (1.1911212640946627 9.544051497691111),1.1911212640946627,9.544051497691111,,Kara,Formation Professionnelle autre,Nsp,Centre de Formation d'Informatique et Bureautique de Kara (CFIB Kara)
_mview_formationtech_etablissements_formation_technique.fid--68fedc3e_19facce1572_-5ddb,Kara,Kozah,Kozah 1,Commune De Kara,Chaminade,Institut de Formation Technique Tertiaire de Kara,BP 484,"{Lundi,Mardi,Mercredi,Vendredi,jeudi}",1999,Prive - individuel,"{En construction,Construit et Utilise}",Formation Professionnelle autre,{WCs},Non,POINT (1.1956358069711013 9.55257106300331),1.1956358069711013,9.55257106300331,1999.0,Kara,Formation Professionnelle autre,Prive - individuel,Institut de Formation Technique Tertiaire de Kara
_mview_formationtech_etablissements_formation_technique.fid--68fedc3e_19facce1572_-5dda,Kara,Kozah,Kozah 1,Commune De Kara,Ewaou,Complexe Scolaire Lumiere-V Kara,"Cs Lumiere-V Kara, Lama","{Lundi,Mercredi,Mardi,jeudi,Vendredi}",2010,Prive - individuel,"{Construit et Utilise,Inacheve,En construction}",Formation Professionnelle autre,{Latrines seches},Non,POINT (1.1961248986287862 9.544298090959964),1.1961248986287862,9.544298090959964,2010.0,Kara,Formation Professionnelle autre,Prive - individuel,Complexe Scolaire Lumiere-V Kara
_mview_formationtech_etablissements_formation_technique.fid--68fedc3e_19facce1572_-5dd9,Kara,Kozah,Kozah 2,Bohou,Feilga,CFTO Yade,BP 185 Yade,"{Lundi,Mardi,Mercredi,jeudi,Vendredi,Samedi}",2017,Prive - individuel,{Construit et Utilise},CAP,{Douches},Non,POINT (1.1549821567486453 9.613213162703998),1.1549821567486453,9.613213162703998,2017.0,Kara,CAP,Prive - individuel,CFTO Yade
_mview_formationtech_etablissements_formation_technique.fid--68fedc3e_19facce1572_-5dd8,Kara,Kozah,Kozah 1,Commune De Kara,Lama-feing,Centre de Formation de Couture La Lumiere (CFCL),"Centre de Formation de Couture la Lumiere, Lama","{Lundi,Mardi,Mercredi,jeudi,Vendredi,Samedi}",2014,Prive - individuel,{Construit et Utilise},Formation Professionnelle autre,{Latrines seches},Non,POINT (1.214550484264275 9.559951418422083),1.214550484264275,9.559951418422083,2014.0,Kara,Formation Professionnelle autre,Prive - individuel,Centre de Formation de Couture La Lumiere (CFCL)
_mview_formationtech_etablissements_formation_technique.fid--68fedc3e_19facce1572_-5dd7,Kara,Kozah,Kozah 1,Commune De Kara,Bastascom,Institut des Sciences Technologiques et des Arts de Kara,BP 638,"{Lundi,Mardi,Mercredi,jeudi,Vendredi}",2017,Prive - individuel,{Construit et Utilise},Formation Professionnelle autre,{WCs},Non,POINT (1.1890556532115846 9.544253925175838),1.1890556532115846,9.544253925175838,2017.0,Kara,Formation Professionnelle autre,Prive - individuel,Institut des Sciences Technologiques et des Arts de Kara
_mview_formationtech_etablissements_formation_technique.fid--68fedc3e_19facce1572_-5dd6,Kara,Kozah,Kozah 3,Awandjélo,Awandjelo,Centre de Formation Technique et Professionnelle Sweet Awandjelo,"Cftp Sweet Awandjelo, Awandjelo","{Lundi,Mardi,Mercredi,jeudi,Vendredi}",Nsp,Domaine prive de l'etat ou des collectivites territoriales,{Construit et Utilise},CAP,{Latrines a eau},Oui,POINT (1.202526434266342 9.467403478430134),1.202526434266342,9.467403478430134,,Kara,CAP,Domaine prive de l'etat ou des collectivites territoriales,Centre de Formation Technique et Professionnelle Sweet Awandjelo
_mview_formationtech_etablissements_formation_technique.fid--68fedc3e_19facce1572_-5dd5,Kara,Kozah,Kozah 3,Awandjélo,Kpankpanzibiyo,Centre Artisanal et d'Insertion Sociale de Kapnkpanzibiyo (CAIS),"Cais Kpankpanzibiyo, Awandjelo","{Lundi,Mardi,Mercredi,jeudi,Vendredi}",2008,Prive - Collectivite coutumiere,{Construit et Utilise},Formation Professionnelle autre,"{Douches,Latrines seches}",Non,POINT (1.168760430058154 9.40683459331491),1.168760430058154,9.40683459331491,2008.0,Kara,Formation Professionnelle autre,Prive - Collectivite coutumiere,Centre Artisanal et d'Insertion Sociale de Kapnkpanzibiyo (CAIS)
_mview_formationtech_etablissements_formation_technique.fid--68fedc3e_19facce1572_-5dd4,Kara,Kozah,Kozah 1,Commune De Kara,Kplewai,Centre de Formation Technique et Professionnelle Don Bosco Kara,"Cfpt Don Bosco Kara, Lama","{Lundi,Mardi,Mercredi,jeudi,Vendredi}",1985,Prive - Collectivite coutumiere,{Construit et Utilise},Formation Professionnelle autre,"{Latrines a eau,Douches}",Oui,POINT (1.1869531425711541 9.531952375153473),1.1869531425711541,9.531952375153473,1985.0,Kara,Formation Professionnelle autre,Prive - Collectivite coutumiere,Centre de Formation Technique et Professionnelle Don Bosco Kara
_mview_formationtech_etablissements_formation_technique.fid--68fedc3e_19facce1572_-5dd3,Kara,Binah,Binah 2,Kétao,Ewayio,Institut Polytechnique d'Excellence de Ketao (IPEX),"Ipex Ketao, Ketao","{Lundi,Mardi,Mercredi,jeudi,Vendredi}",2016,autre,{Construit et Utilise},Formation Professionnelle autre,{Latrines seches},Non,POINT (1.3088956973877195 9.65091364749899),1.3088956973877195,9.65091364749899,2016.0,Kara,Formation Professionnelle autre,autre,Institut Polytechnique d'Excellence de Ketao (IPEX)
_mview_formationtech_etablissements_formation_technique.fid--68fedc3e_19facce1572_-5dd2,Kara,Kozah,Kozah 1,Commune De Kara,Tomde,institut Polytechnique Ricardo,BP 733,"{Lundi,Mardi,Mercredi,jeudi,Vendredi}",1999,Prive - individuel,{Construit et Utilise},Formation Professionnelle autre,{Pissotieres},Non,POINT (1.2051323672812764 9.552231562674294),1.2051323672812764,9.552231562674294,1999.0,Kara,Formation Professionnelle autre,Prive - individuel,institut Polytechnique Ricardo
_mview_formationtech_etablissements_formation_technique.fid--68fedc3e_19facce1572_-5dd1,Kara,Kozah,Kozah 1,Commune De Kara,Dongoyo,Institut des Sciences Commerciales l'Excellence Kara,"Isce Kara, Lama","{Lundi,Mardi,Mercredi,jeudi,Vendredi}",2003,Prive - individuel,{Construit et Utilise},Formation Professionnelle autre,{WCs},Non,POINT (1.1757921513371885 9.54474150172921),1.1757921513371885,9.54474150172921,2003.0,Kara,Formation Professionnelle autre,Prive - individuel,Institut des Sciences Commerciales l'Excellence Kara
_mview_formationtech_etablissements_formation_technique.fid--68fedc3e_19facce1572_-5dd0,Kara,Kozah,Kozah 1,Commune De Kara,Lama-feing,CME Kara Sos,BP 13 Kara Togo,"{Lundi,Mardi,Mercredi,jeudi,Vendredi}",2017,Domaine public de l'etat ou des collectivites territoriales,{Construit et Utilise},Formation Professionnelle autre,"{WCs,Douches}",Oui,POINT (1.210148438796036 9.570419849965026),1.210148438796036,9.570419849965026,2017.0,Kara,Formation Professionnelle autre,Domaine public de l'etat ou des collectivites territoriales,CME Kara Sos
_mview_formationtech_etablissements_formation_technique.fid--68fedc3e_19facce1572_-5dcf,Kara,Kozah,Kozah 1,Commune De Kara,Kara Ewaou,Centre de Formation Professionnelle Foyer Saint Jean 23,BP 214 Kara,"{Mardi,Mercredi,jeudi,Vendredi}",1985,autre,{Construit et Utilise},CAP,{Latrines a eau},Non,POINT (1.1900536607135186 9.545254469599852),1.1900536607135186,9.545254469599852,1985.0,Kara,CAP,autre,Centre de Formation Professionnelle Foyer Saint Jean 23
_mview_formationtech_etablissements_formation_technique.fid--68fedc3e_19facce1572_-5dce,Maritime,Lacs,Lacs 1,Glidji,Chez Nous,Lycée d'Enseignement Technique et Professionnel d'Aneho Glidji,BP 48,"{Lundi,Mardi,Mercredi,jeudi,Vendredi}",2013,Domaine public de l'etat ou des collectivites territoriales,{Construit et Utilise},Formation Professionnelle autre,{WCs},Oui,POINT (1.6064472289727536 6.256737084323548),1.6064472289727536,6.256737084323548,2013.0,Maritime,Formation Professionnelle autre,Domaine public de l'etat ou des collectivites territoriales,Lycée d'Enseignement Technique et Professionnel d'Aneho Glidji
_mview_formationtech_etablissements_formation_technique.fid--68fedc3e_19facce1572_-5dcd,Maritime,Zio,Zio 3,Gamé-Sèva,Game Seva,Centre de Formation Technique et Professionnelle de Game,"Cftp Game, Game","{Lundi,Mardi,Mercredi,jeudi,Vendredi}",2010,Domaine public de l'etat ou des collectivites territoriales,{Construit et Utilise},Formation Professionnelle autre,Nsp,Non,POINT (1.1786017671799758 6.743802780469691),1.1786017671799758,6.743802780469691,2010.0,Maritime,Formation Professionnelle autre,Domaine public de l'etat ou des collectivites territoriales,Centre de Formation Technique et Professionnelle de Game
_mview_formationtech_etablissements_formation_technique.fid--68fedc3e_19facce1572_-5dcc,Maritime,Avé,Avé 1,Kévé,Latin,Centre de Formation Technique et Professionnelle de Keve,"Centre de Formation Technique et Professionnelle de, Keve","{Lundi,Mardi,Mercredi,jeudi,Vendredi}",2012,Domaine prive de l'etat ou des collectivites territoriales,{Construit et Utilise},CAP,Nsp,Non,POINT (0.9237127074106517 6.433572589256072),0.9237127074106517,6.433572589256072,2012.0,Maritime,CAP,Domaine prive de l'etat ou des collectivites territoriales,Centre de Formation Technique et Professionnelle de Keve
_mview_formationtech_etablissements_formation_technique.fid--68fedc3e_19facce1572_-5dcb,Plateaux,Kloto,Kloto 1,Agome-Kpalime,Kpegolonou,Institut de Formation Technique et Professionnelle Topo 3000 CFA,Kpegolonou,"{Lundi,Mardi,Mercredi,jeudi,Vendredi}",2014,Nsp,{Construit et Utilise},Formation Professionnelle autre,"{WCs,Douches}",Non,POINT (0.6225276583912328 6.91822730105098),0.6225276583912328,6.91822730105098,2014.0,Plateaux,Formation Professionnelle autre,Nsp,Institut de Formation Technique et Professionnelle Topo 3000 CFA
_mview_formationtech_etablissements_formation_technique.fid--68fedc3e_19facce1572_-5dca,Plateaux,Est-Mono,Est-Mono 1,Elavagnon,Landa,Institut de Formation en Alternance pour le Développement (IFAD) - Aquaculture,225 BP 06,"{Lundi,Mardi,Mercredi,jeudi,Vendredi,Samedi,Dimanche}",2019,Domaine public de l'etat ou des collectivites territoriales,{Construit et Utilise},Formation Professionnelle autre,{WCs},Non,POINT (1.2616066666666663 7.952213333333335),1.2616066666666663,7.952213333333335,2019.0,Plateaux,Formation Professionnelle autre,Domaine public de l'etat ou des collectivites territoriales,Institut de Formation en Alternance pour le Développement (IFAD) - Aquaculture
_mview_formationtech_etablissements_formation_technique.fid--68fedc3e_19facce1572_-5dc9,Plateaux,Moyen-Mono,Moyen-Mono 2,Kpékplémé,N'tigome,Complexe Polytechnique Laique Ruzi Cnadb Lycée,"Complexe Polytechnique Laique Ruzi Cnadb Lycee, Kpekpleme","{Lundi,Mardi,Mercredi,jeudi,Vendredi}",2020,Prive - individuel,{En construction},Formation Professionnelle autre,Nsp,Non,POINT (1.6246383578032877 7.32545956264552),1.6246383578032877,7.32545956264552,2020.0,Plateaux,Formation Professionnelle autre,Prive - individuel,Complexe Polytechnique Laique Ruzi Cnadb Lycée
_mview_formationtech_etablissements_formation_technique.fid--68fedc3e_19facce1572_-5dc8,Plateaux,Wawa,Wawa 1,Badou,Badou,Centre de Formation Technique et Professionnelle de Badou,"Cftp-Badou, Badou","{Vendredi,jeudi,Mercredi,Mardi,Lundi}",2020,Domaine public de l'etat ou des collectivites territoriales,{Construit et Utilise},CAP,Nsp,Non,POINT (0.6043022559427571 7.58497871097057),0.6043022559427571,7.58497871097057,2020.0,Plateaux,CAP,Domaine public de l'etat ou des collectivites territoriales,Centre de Formation Technique et Professionnelle de Badou
_mview_formationtech_etablissements_formation_technique.fid--68fedc3e_19facce1572_-5dc7,Plateaux,Kloto,Kloto 1,Gbalabé,Apedogame,Centre Diocésain de Formation Professionnelle Gbalave,BP 260 Kpalimé,"{Lundi,Mardi,Mercredi,jeudi,Vendredi}",1997,Prive - entreprise,{Construit et Utilise},CAP,{WCs},Non,POINT (0.602306666666666 6.867039999999999),0.602306666666666,6.867039999999999,1997.0,Plateaux,CAP,Prive - entreprise,Centre Diocésain de Formation Professionnelle Gbalave
_mview_formationtech_etablissements_formation_technique.fid--68fedc3e_19facce1572_-5dc6,Plateaux,Kloto,Kloto 1,Agome-Kpalime,Kpalime,Atelier Bon Conseil Nouveau,"Atelier Bon Conseil Nouveau, Kpalime","{Lundi,Mercredi,Mardi,jeudi,Vendredi}",1980,Prive - individuel,{Construit et Utilise},Formation Professionnelle autre,"{WCs,Latrines seches}",Non,POINT (0.6239819267103015 6.921050958647106),0.6239819267103015,6.921050958647106,1980.0,Plateaux,Formation Professionnelle autre,Prive - individuel,Atelier Bon Conseil Nouveau
_mview_formationtech_etablissements_formation_technique.fid--68fedc3e_19facce1572_-5dc5,Plateaux,Agou,Agou 1,Agou-Tavié,Agou Tomegbe,Lycée d'Enseignement Technique et Professionnel 'Agou,"LETP Agou, Agou Tavie","{Lundi,Mardi,Mercredi,Vendredi}",2020,Domaine public de l'etat ou des collectivites territoriales,"{Construit et Utilise,En construction}",Formation Professionnelle autre,{Latrines a eau},Non,POINT (0.7342911970278674 6.85011399948357),0.7342911970278674,6.85011399948357,2020.0,Plateaux,Formation Professionnelle autre,Domaine public de l'etat ou des collectivites territoriales,Lycée d'Enseignement Technique et Professionnel 'Agou
_mview_formationtech_etablissements_formation_technique.fid--68fedc3e_19facce1572_-5dc4,Plateaux,Ogou,Ogou 1,Gnagna,N Gnekonakpoe,Lycée d'Enseignement Technique et Professionnel d'Atakpame,BP 403,"{Vendredi,jeudi,Mercredi,Mardi,Lundi}",1994,Domaine public de l'etat ou des collectivites territoriales,{Construit et Utilise},Formation Professionnelle autre,{Latrines a eau},Oui,POINT (1.1398453222156861 7.523619598870092),1.1398453222156861,7.523619598870092,1994.0,Plateaux,Formation Professionnelle autre,Domaine public de l'etat ou des collectivites territoriales,Lycée d'Enseignement Technique et Professionnel d'Atakpame
_mview_formationtech_etablissements_formation_technique.fid--68fedc3e_19facce1572_-5dc3,Plateaux,Ogou,Ogou 1,Djama,Kossi Kope,Centre de Formation pour l'Insertion Professionnelle Ben At (CEFORIP-Atakpame),BP 346,"{Vendredi,jeudi,Mercredi,Mardi,Lundi}",2017,Prive - individuel,{Construit et Utilise},Formation Professionnelle autre,{Latrines a eau},Oui,POINT (1.1632688383222505 7.514380785167405),1.1632688383222505,7.514380785167405,2017.0,Plateaux,Formation Professionnelle autre,Prive - individuel,Centre de Formation pour l'Insertion Professionnelle Ben At (CEFORIP-Atakpame)
_mview_formationtech_etablissements_formation_technique.fid--68fedc3e_19facce1572_-5dc2,Plateaux,Kloto,Kloto 1,Agome-Kpalime,Kpalime,Institut Polytechnique Dalloz,"Institut Polytechnique Dalloz, Kpalime","{Vendredi,jeudi,Mercredi,Mardi,Lundi}",2004,Prive - individuel,{Construit et Utilise},Formation Professionnelle autre,"{Douches,WCs}",Non,POINT (0.6266791166861259 6.919262965730031),0.6266791166861259,6.919262965730031,2004.0,Plateaux,Formation Professionnelle autre,Prive - individuel,Institut Polytechnique Dalloz
_mview_formationtech_etablissements_formation_technique.fid--68fedc3e_19facce1572_-5dc1,Plateaux,Kpélé,Kpélé 1,Kpélé-Novivé,Adeta,Institut Technique Divine Grace,"Institut Technique Divine Grace, Novive","{Lundi,Mardi,Mercredi,jeudi,Vendredi}",2017,Prive - individuel,{Construit et Utilise},Formation Professionnelle autre,{Latrines seches},Non,POINT (0.7291706931633143 7.12051950203252),0.7291706931633143,7.12051950203252,2017.0,Plateaux,Formation Professionnelle autre,Prive - individuel,Institut Technique Divine Grace
_mview_formationtech_etablissements_formation_technique.fid--68fedc3e_19facce1572_-5dc0,Plateaux,Anié,Anié 1,Anié,Boulali,Lycée Technique Federico Mayor,"Itp Federico Mayor, Anie","{Lundi,Mardi,Mercredi,jeudi,Vendredi}",Nsp,Prive - individuel,"{Construit et Utilise,En construction}",Formation Professionnelle autre,Nsp,Non,POINT (1.194798335512754 7.759245316278804),1.194798335512754,7.759245316278804,,Plateaux,Formation Professionnelle autre,Prive - individuel,Lycée Technique Federico Mayor
_mview_formationtech_etablissements_formation_technique.fid--68fedc3e_19facce1572_-5dbf,Plateaux,Haho,Haho 3,Kpédomé,Kpedome,Institut Technique et Professionnel les Batisseurs,"IFT Les Batisseurs, Kpedome","{Lundi,Mardi,Mercredi,jeudi,Vendredi}",2021,Prive - individuel,{En construction},Formation Professionnelle autre,Nsp,Non,POINT (1.1713723455893876 6.969558351634995),1.1713723455893876,6.969558351634995,2021.0,Plateaux,Formation Professionnelle autre,Prive - individuel,Institut Technique et Professionnel les Batisseurs
_mview_formationtech_etablissements_formation_technique.fid--68fedc3e_19facce1572_-5dbe,Plateaux,Kloto,Kloto 1,Agome-Kpalime,Kpegolonou,Institut de Formation Technique et Professionnelle Topo 3000,Kpegolonou,"{Lundi,Mardi,Mercredi,jeudi,Vendredi}",2014,Nsp,{Construit et Utilise},Formation Professionnelle autre,"{Douches,WCs}",Non,POINT (0.6225685467910442 6.918213906319831),0.6225685467910442,6.918213906319831,2014.0,Plateaux,Formation Professionnelle autre,Nsp,Institut de Formation Technique et Professionnelle Topo 3000
_mview_formationtech_etablissements_formation_technique.fid--68fedc3e_19facce1572_-5dbd,Plateaux,Kloto,Kloto 1,Agome-Kpalime,Kpegolonou,Institut de Formation Technique et Professionnelle Togo 3000 Bt,Kpegolonou,"{Lundi,Mardi,Mercredi,jeudi,Vendredi}",2014,Nsp,{Construit et Utilise},Formation Professionnelle autre,"{WCs,Douches}",Non,POINT (0.6225092358775085 6.91825718687608),0.6225092358775085,6.91825718687608,2014.0,Plateaux,Formation Professionnelle autre,Nsp,Institut de Formation Technique et Professionnelle Togo 3000 Bt
_mview_formationtech_etablissements_formation_technique.fid--68fedc3e_19facce1572_-5dbc,Plateaux,Ogou,Ogou 1,Djama,Campement,Institut Technique Sacre Coeur de Jesus,BP 156 Atakpamé,"{Lundi,Mardi,Mercredi,jeudi,Vendredi}",1998,Prive - entreprise,{Construit et Utilise},Formation Professionnelle autre,"{Latrines a eau,Douches}",Oui,POINT (1.1489367134603752 7.5271678966923545),1.1489367134603752,7.5271678966923545,1998.0,Plateaux,Formation Professionnelle autre,Prive - entreprise,Institut Technique Sacre Coeur de Jesus
_mview_formationtech_etablissements_formation_technique.fid--68fedc3e_19facce1572_-5dbb,Plateaux,Kloto,Kloto 1,Agome-Kpalime,Kpalime Kunsutu,Collège d'Enseignement Artistique et Artisanal de Kpalime,BP 93,"{Lundi,Mardi,Mercredi,jeudi,Vendredi}",1968,Domaine public de l'etat ou des collectivites territoriales,{Construit et Utilise},Formation Professionnelle autre,"{WCs,Douches}",Non,POINT (0.6183043600070872 6.923653946982775),0.6183043600070872,6.923653946982775,1968.0,Plateaux,Formation Professionnelle autre,Domaine public de l'etat ou des collectivites territoriales,Collège d'Enseignement Artistique et Artisanal de Kpalime
_mview_formationtech_etablissements_formation_technique.fid--68fedc3e_19facce1572_-5dba,Plateaux,Kloto,Kloto 1,Agome-Kpalime,Kpalime,Institut Technique et Profesnionnel Larousse,"Itp Larousse, Kpalime","{Lundi,Mardi,Mercredi,jeudi,Vendredi}",1995,Prive - individuel,{Construit et Utilise},Formation Professionnelle autre,{WCs},Oui,POINT (0.6335152814743382 6.920546756032542),0.6335152814743382,6.920546756032542,1995.0,Plateaux,Formation Professionnelle autre,Prive - individuel,Institut Technique et Profesnionnel Larousse
_mview_formationtech_etablissements_formation_technique.fid--68fedc3e_19facce1572_-5db9,Plateaux,Anié,Anié 1,Anié,Anie,Centre de Formation Technique et Professionnel Anie,70359910,"{""jeudi"",""Lundi"",""Mardi"",""Mercredi"",""Vendredi""}",2017,Domaine public de l'Etat ou des collectivites territoriales,"{""En construction""}",Formation profesionnelle autre,N/a,Non,POINT (1.1985778042113462 7.764290316170254),1.1985778042113462,7.764290316170254,2017.0,Plateaux,Formation profesionnelle autre,Domaine public de l'Etat ou des collectivites territoriales,Centre de Formation Technique et Professionnel Anie
_mview_formationtech_etablissements_formation_technique.fid--68fedc3e_19facce1572_-5db8,Plateaux,Anié,Anié 1,Anié,Anie Kpassa Cope,Compexte Technique d'Excellence d'Anie,"Cte Anie, Anie","{Lundi,Mardi,Mercredi,jeudi,Vendredi}",2011,Prive - individuel,{Inacheve},CAP,Nsp,Non,POINT (1.1940434007752365 7.788830958247869),1.1940434007752365,7.788830958247869,2011.0,Plateaux,CAP,Prive - individuel,Compexte Technique d'Excellence d'Anie
_mview_formationtech_etablissements_formation_technique.fid--68fedc3e_19facce1572_-5db7,Plateaux,Haho,Haho 1,Notsé,Tegbe,Complexe Scolaire Itecso,BP 22,"{Lundi,Mardi,Vendredi,jeudi,Mercredi}",2001,Prive - individuel,{Construit et Utilise},Formation Professionnelle autre,Nsp,Non,POINT (1.1683768584849372 6.955444030370272),1.1683768584849372,6.955444030370272,2001.0,Plateaux,Formation Professionnelle autre,Prive - individuel,Complexe Scolaire Itecso
_mview_formationtech_etablissements_formation_technique.fid--68fedc3e_19facce1572_-5db6,Plateaux,Anié,Anié 2,Adogbénou,Oke Adogbenou,Centre de Formation Profesionnelle ONG Acatbli,BP 72 Atakpamé,"{Lundi,Mardi,Mercredi,jeudi,Vendredi}",Nsp,autre,{Construit et Utilise},Formation Professionnelle autre,"{Latrines a eau,Douches}",Non,POINT (1.4380530258775246 7.73814211386547),1.4380530258775246,7.73814211386547,,Plateaux,Formation Professionnelle autre,autre,Centre de Formation Profesionnelle ONG Acatbli
_mview_formationtech_etablissements_formation_technique.fid--68fedc3e_19facce1572_-5db5,Plateaux,Kloto,Kloto 1,Agome-Kpalime,Kpalime Nyiveme,Centre Aklala Batik,"Centre Aklala Batik, Kpalime","{Vendredi,jeudi,Mercredi,Mardi,Lundi}",Nsp,Prive - entreprise,{Construit et Utilise},Formation Professionnelle autre,"{WCs,Douches}",Non,POINT (0.6257549999999996 6.928325),0.6257549999999996,6.928325,,Plateaux,Formation Professionnelle autre,Prive - entreprise,Centre Aklala Batik
_mview_formationtech_etablissements_formation_technique.fid--68fedc3e_19facce1572_-5db4,Savanes,Oti,Oti 1,Mango,Djabou,Lycée d'Enseignement Technique et Professionnel de Mango,BP 95,"{Lundi,Mardi,Mercredi,jeudi,Vendredi}",1997,Domaine public de l'etat ou des collectivites territoriales,{Construit et Utilise},Formation Professionnelle autre,{Latrines seches},Non,POINT (0.4747034446313269 10.368892798699969),0.4747034446313269,10.368892798699969,1997.0,Savanes,Formation Professionnelle autre,Domaine public de l'etat ou des collectivites territoriales,Lycée d'Enseignement Technique et Professionnel de Mango
_mview_formationtech_etablissements_formation_technique.fid--68fedc3e_19facce1572_-5db3,Savanes,Oti-Sud,Oti-Sud 1,Gando,Namoni,Centre de Formation Technique et Professionnelle de Gando,"Centre de Formation Technique et Professionnel de Gando, Gando","{Lundi,Mardi,Mercredi,jeudi,Vendredi}",2012,Domaine public de l'etat ou des collectivites territoriales,"{En construction,Construit et Utilise}",CAP,{WCs},Non,POINT (0.7589312136892714 10.320458900856325),0.7589312136892714,10.320458900856325,2012.0,Savanes,CAP,Domaine public de l'etat ou des collectivites territoriales,Centre de Formation Technique et Professionnelle de Gando
_mview_formationtech_etablissements_formation_technique.fid--68fedc3e_19facce1572_-5db2,Savanes,Tône,Tône 1,Dapaong,Worgou,Centre Regional d'Enseignement Technique et de Fomation Professionnelle de Dapaong,500 BP 22,"{Lundi,Mardi,Mercredi,jeudi,Vendredi,Samedi}",1958,Domaine public de l'etat ou des collectivites territoriales,{Construit et Utilise},Formation Professionnelle autre,{Latrines a eau},Oui,POINT (0.1968982637950383 10.83921366260353),0.1968982637950383,10.83921366260353,1958.0,Savanes,Formation Professionnelle autre,Domaine public de l'etat ou des collectivites territoriales,Centre Regional d'Enseignement Technique et de Fomation Professionnelle de Dapaong
_mview_formationtech_etablissements_formation_technique.fid--68fedc3e_19facce1572_-5db1,Savanes,Oti,Oti 2,Galangashie,Kpandjini,Institut de Formation en Alterance Pour Le developpement de Barkoissi,"Institut de Formation en Alterance pour le developpement de Barkoissi, Barkoissi","{Lundi,Mardi,Mercredi,jeudi,Vendredi}",2021,Nsp,Nsp,Nsp,Nsp,Nsp,POINT (0.3155236218587007 10.530007832010774),0.3155236218587007,10.530007832010774,2021.0,Savanes,Nsp,Nsp,Institut de Formation en Alterance Pour Le developpement de Barkoissi
_mview_formationtech_etablissements_formation_technique.fid--68fedc3e_19facce1572_-5db0,Kara,Kozah,Kozah 2,Tchitchao,TCHITCHAO,College Militaire Eyadema - Branche Technique,26 61 11 34,Nsp,1979,N/a,N/a,N/a,N/a,N/a,POINT (1.1128483333333332 9.619323333333334),1.1128483333333332,9.619323333333334,1979.0,Kara,N/a,N/a,College Militaire Eyadema - Branche Technique
